timestamp,arp_total,arp_request_count,arp_reply_count,req_reply_ratio,gratuitous_arp_count,broadcast_count,packet_rate,request_rate,reply_rate,src_ip_entropy,src_mac_entropy,target_ip_entropy,unique_src_ip_count,unique_src_mac_count,top1_ip_share,digest_sample_count,ip_mac_consistency_score,new_ip_ratio,digests_processed,packets_dropped,cpu_load,ctx_voluntary,ctx_involuntary,mem_rss_bytes,digest_latency_mean_us,digest_latency_max_us,iat_mean_ms,iat_min_ms,iat_std_ms,window_buf_depth,flush_duration_ms,label
2026-05-01T22:55:54,0,0,0,0.0,0,0,0.0,0.0,0.0,0.0,0.0,0.0,0,0,0.0,0,1.0,0.0,0,0,0.02,10,0,17731584,0.0,0.0,0.0,0.0,0.0,0,0.1,1
2026-05-01T22:55:57,0,0,0,0.0,0,0,0.0,0.0,0.0,0.0,0.0,0.0,0,0,0.0,0,1.0,0.0,0,0,0.02,3,0,17743872,0.0,0.0,0.0,0.0,0.0,0,0.03,1
2026-05-01T22:56:00,72630,58250,14380,4.0505,0,58250,24202.0563,19410.2958,4791.7606,10.4753,10.5046,2.8507,5000,5096,0.2021,7263,0.9808,1.0,7263,0,1.19,3,0,20496384,17.5,566.03,0.3728,0.0078,0.8688,7263,25.32,1
2026-05-01T22:56:03,64480,60613,3867,15.6704,0,60613,21483.9427,20195.5059,1288.4368,11.9623,12.0013,0.836,5493,5611,0.0596,6448,0.9408,0.9605,6448,0,1.18,3,0,22974464,18.54,1240.34,0.4689,0.0055,0.6459,6448,23.61,1
2026-05-01T22:56:06,78060,65975,12085,5.4588,0,65975,26008.1254,21981.6305,4026.495,11.1471,11.1876,2.2371,5925,6073,0.1571,7806,0.8938,0.9561,7806,0,1.4,3,0,27312128,18.2,805.73,0.3875,-17.3662,0.5462,7806,23.76,1
2026-05-01T22:56:09,74630,64295,10325,6.2265,10,184613670,24868.8322,21424.9172,3440.5828,11.3169,11.3563,1.9571,5817,5954,0.1377,7463,0.8477,0.9531,7463,0,1.35,5,0,29474816,18.69,902.0,0.4048,-15.6672,0.5237,7463,25.45,1
2026-05-01T22:56:12,66830,60751,6079,9.9919,0,60751,22266.5464,20241.1336,2025.4128,11.614,11.6532,1.3787,5456,5578,0.098,6683,0.8209,0.9582,6683,0,1.32,4,0,31150080,19.73,488.83,0.4524,-23.2977,0.7414,6683,29.09,1
2026-05-01T22:56:15,82090,66448,15642,4.2478,0,66448,27352.4536,22140.5267,5211.9269,10.767,10.8016,2.7629,5902,6035,0.1934,8209,0.7791,0.9549,8209,0,1.51,3,1,34553856,19.2,1785.36,0.3695,-0.1221,0.4018,8209,39.72,1
2026-05-01T22:56:18,62170,57402,4768,12.0365,0,57402,20711.6943,19123.2536,1588.4407,11.7333,11.7628,1.1068,5234,5319,0.0791,6217,0.7568,0.9614,6217,0,1.32,3,0,35905536,23.16,2451.49,0.4899,-0.5817,0.6004,6217,28.94,1
2026-05-01T22:56:21,69450,57452,11998,4.7881,0,57452,23137.2646,19140.1314,3997.1332,10.7838,10.8171,2.4801,5151,5257,0.1764,6945,0.7235,0.9612,6945,0,1.46,3,0,37531648,22.45,1842.18,0.4357,0.0071,0.5024,6945,32.05,1
2026-05-01T22:56:24,70950,61238,9712,6.3047,0,61238,23638.0616,20402.3625,3235.6991,11.1646,11.1961,1.9394,5210,5310,0.1373,7095,0.6952,0.9545,7095,0,1.4,5,0,39079936,20.27,1229.6,0.4269,-0.2655,0.5314,7095,28.99,1
2026-05-01T22:56:27,63730,57119,6611,8.6387,0,57119,21232.2185,19029.7048,2202.5137,11.3413,11.3754,1.4215,4653,4749,0.1015,6373,0.6619,0.9559,6373,0,1.35,3,0,40357888,21.85,463.8,0.4758,-31.8678,0.9164,6373,25.69,1
2026-05-01T22:56:31,76530,61770,14760,4.1847,0,61770,25496.8614,20579.3954,4917.466,10.676,10.7102,2.7307,5434,5556,0.1925,7653,0.6286,0.9634,7653,0,1.48,3,0,42876928,19.98,430.15,0.395,-0.8213,0.4016,7653,28.86,1
2026-05-01T22:56:34,64960,59333,5627,10.5425,0,59333,21638.3894,19764.0173,1874.3722,11.637,11.671,1.3109,5364,5469,0.0934,6496,0.5984,0.954,6496,0,1.32,3,0,43999232,21.29,1522.7,0.4643,0.0069,0.5005,6496,30.46,1
2026-05-01T22:56:37,72750,60420,12330,4.8998,0,60420,24238.1765,20130.1804,4107.9961,10.9145,10.9559,2.399,5435,5575,0.1698,7275,0.5772,0.956,7275,0,1.43,3,0,45531136,20.24,621.28,0.4171,0.0059,0.5128,7275,23.76,1
2026-05-01T22:56:40,63700,54388,9312,5.84,0,54388,21224.8184,18122.0631,3102.7552,11.0989,11.1373,1.9449,4939,5054,0.1392,6370,0.5596,0.9532,6370,0,1.4,3,0,46632960,22.97,754.14,0.4752,0.0076,0.5031,6370,30.88,1
2026-05-01T22:56:43,56350,49396,6954,7.1022,0,49396,18747.764,16434.1535,2313.6105,11.1239,11.1508,1.7196,4495,4567,0.1246,5635,0.5288,0.9584,5635,0,1.4,3,0,47611904,25.3,748.52,0.5379,-23.9487,0.9288,5635,26.42,1
2026-05-01T22:56:46,64380,51499,12881,3.9977,0,51499,21443.1017,17152.816,4290.2857,10.4483,10.4772,2.7424,4623,4705,0.1968,6438,0.5053,0.9667,6438,0,1.51,3,0,48828416,25.13,834.13,0.4712,-0.5591,0.5342,6438,27.82,1
2026-05-01T22:56:49,56340,49312,7028,7.0155,0,49312,18773.3801,16431.5392,2341.8409,11.0806,11.1076,1.764,4453,4526,0.1278,5634,0.5037,0.9614,5634,0,1.38,5,0,49651712,25.23,570.63,0.538,-24.234,0.7976,5634,27.77,1
2026-05-01T22:56:52,63430,51135,12295,4.1587,0,51135,21132.3531,17036.1481,4096.205,10.5382,10.5674,2.5918,4569,4652,0.1862,6343,0.4826,0.9617,6343,0,1.51,3,0,50810880,24.9,555.55,0.4761,-0.4593,0.4631,6343,35.12,1
2026-05-01T22:56:55,61120,51660,9460,5.4603,0,51660,20361.7308,17210.1933,3151.5375,10.852,10.8794,2.1678,4621,4698,0.1561,6112,0.4694,0.9669,6112,0,1.51,5,0,51879936,25.5,594.02,0.4961,-25.8624,0.7742,6112,55.22,1
2026-05-01T22:56:58,58870,50099,8771,5.7112,0,50099,19614.1333,16691.8374,2922.296,10.8867,10.9186,2.072,4509,4597,0.1497,5887,0.4453,0.9601,5887,0,1.42,4,0,52797440,25.8,688.24,0.52,-53.0362,1.2837,5887,23.82,1
2026-05-01T22:57:01,64100,51429,12661,4.0617,16,184600804,21338.1382,17120.1109,4214.6984,10.461,10.4866,2.7195,4609,4681,0.1953,6410,0.4285,0.9638,6410,0,1.54,3,0,53858304,25.26,564.71,0.4715,0.0069,0.437,6410,32.79,1
2026-05-01T22:57:04,56520,48685,7825,6.2209,10,184598060,18833.9036,16223.082,2607.4893,10.994,11.0241,1.8803,4420,4502,0.1361,5652,0.4247,0.9686,5652,0,1.34,6,0,54591488,24.43,643.13,0.5352,-12.9251,0.728,5652,71.41,1
2026-05-01T22:57:07,61514,50941,10575,4.8167,4,184600310,20486.858,16965.5856,3521.9385,10.5152,10.5412,2.5385,4366,4442,0.1827,6152,0.4077,0.9666,6152,0,1.54,5,0,55603200,24.2,547.57,0.499,-58.667,1.4045,6152,27.57,1
2026-05-01T22:57:10,61300,51449,9851,5.2222,0,51449,20425.4881,17143.0821,3282.4059,10.7102,10.7363,2.2604,4385,4458,0.1626,6130,0.3891,0.9669,6130,0,1.46,3,0,56479744,25.18,2443.62,0.4933,-0.3742,0.5427,6130,28.53,1
2026-05-01T22:57:13,59540,51009,8531,5.9786,3,51009,19837.5069,16995.1527,2842.3542,10.9246,10.9587,2.0394,4566,4658,0.1473,5954,0.3673,0.9619,5954,0,1.4,3,0,57278464,24.69,782.31,0.508,-24.4258,0.7801,5954,22.67,1
2026-05-01T22:57:16,64380,52226,12154,4.2967,0,52226,21451.8014,17402.0159,4049.7856,10.5519,10.5798,2.6081,4646,4728,0.187,6438,0.3668,0.9638,6438,0,1.48,3,1,58261504,24.53,600.13,0.4691,-8.6066,0.4879,6438,28.77,1
2026-05-01T22:57:19,57980,49849,8131,6.13,0,49849,19317.084,16608.0946,2708.9895,10.9476,10.9759,1.9795,4498,4575,0.1432,5798,0.3555,0.9629,5798,0,1.43,5,0,58966016,25.86,1959.16,0.522,-15.3441,0.7369,5798,32.62,1
2026-05-01T22:57:22,62370,51408,10962,4.6892,0,51408,20780.0385,17127.7893,3652.2492,10.6239,10.6504,2.5009,4626,4702,0.1799,6237,0.3374,0.9661,6237,0,1.48,3,0,59899904,24.2,541.42,0.4867,-26.7321,0.8529,6237,29.86,1
2026-05-01T22:57:25,56260,49021,7239,6.7709,3,49021,18731.7135,16321.4953,2410.2182,11.0429,11.0733,1.8041,4427,4505,0.131,5626,0.3255,0.9666,5626,0,1.38,3,0,60583936,25.25,597.21,0.5394,-0.5692,0.6055,5626,30.14,1
2026-05-01T22:57:28,59160,50846,8314,6.115,3,50846,19709.1312,16939.3253,2769.8059,10.9498,10.9798,1.97,4500,4582,0.1422,5916,0.3018,0.9647,5916,0,1.4,6,0,63352832,24.55,683.96,0.5128,-21.9102,0.8058,5916,27.9,1
2026-05-01T22:57:31,65110,51797,13313,3.8904,0,51797,21685.3824,17251.3862,4433.9963,10.3659,10.3909,2.8531,4607,4683,0.2046,6511,0.2995,0.9631,6511,0,1.54,6,0,64278528,24.96,1195.35,0.4655,-0.151,0.4753,6511,28.19,1
2026-05-01T22:57:34,56800,50248,6552,7.6679,0,50248,18925.2205,16742.1564,2183.0642,11.2405,11.2792,1.57,4561,4663,0.1136,5680,0.2837,0.9634,5680,0,1.4,3,0,64897024,25.62,1184.22,0.5338,-0.0763,0.6483,5680,26.71,1
2026-05-01T22:57:37,63460,51358,12102,4.2434,0,51358,21145.0016,17112.5905,4032.4111,10.4949,10.521,2.6744,4611,4690,0.1922,6346,0.2685,0.9657,6346,0,1.48,3,0,65814528,24.58,1192.88,0.4766,0.0101,0.5095,6346,41.97,1
2026-05-01T22:57:40,54800,46948,7852,5.9784,0,46948,18244.3479,15630.2125,2614.1354,10.8566,10.8866,1.9844,4226,4303,0.1443,5480,0.2695,0.9617,5480,0,1.45,3,0,66441216,26.79,1065.23,0.554,-16.6496,0.7006,5480,25.7,1
2026-05-01T22:57:43,57737,49186,8537,5.7608,17,369147933,19237.4261,16388.3133,2844.4482,10.8623,10.8954,2.0818,4440,4527,0.1503,5774,0.2577,0.9685,5774,0,1.48,4,0,67145728,27.74,2841.21,0.5227,-1.5402,0.518,5774,23.56,1
2026-05-01T22:57:46,61350,49475,11875,4.166,0,49475,20442.3627,16485.5076,3956.855,10.4085,10.4366,2.7,4392,4470,0.1948,6135,0.2523,0.9629,6135,0,1.48,3,0,67981312,26.5,901.99,0.4923,-19.6242,0.621,6135,30.5,1
2026-05-01T22:57:49,57670,50400,7260,6.9412,10,184599775,19209.9048,16788.2643,2418.3095,11.0956,11.124,1.7792,4537,4614,0.1285,5767,0.2354,0.968,5767,0,1.4,5,0,68603904,25.83,1103.32,0.5247,-25.1847,0.8749,5767,23.54,1
2026-05-01T22:57:52,65540,52292,13248,3.9469,0,52292,21831.8841,17418.8722,4413.0119,10.4087,10.4342,2.8122,4653,4734,0.2016,6554,0.2409,0.9673,6554,0,1.52,3,0,69554176,24.54,896.99,0.461,0.0072,0.4421,6554,26.66,1
2026-05-01T22:57:56,58300,49644,8636,5.7478,20,369148394,19415.6565,16532.9477,2876.0482,10.9044,10.9285,2.0493,4500,4567,0.1479,5830,0.2267,0.9618,5830,0,1.43,5,0,70160384,25.16,968.42,0.52,0.0067,0.5545,5830,34.55,1
2026-05-01T22:57:59,58290,49156,9134,5.3811,0,49156,19418.1682,16375.3555,3042.8126,10.9145,10.9453,2.0251,4495,4577,0.1463,5829,0.2182,0.9626,5829,0,1.4,3,0,70840320,25.48,1096.59,0.5199,-23.8218,0.7894,5829,30.41,1
2026-05-01T22:58:02,64910,52913,11997,4.4102,0,52913,21619.4181,17623.6061,3995.812,10.5303,10.5577,2.653,4680,4763,0.1901,6491,0.2126,0.9669,6491,0,1.54,5,0,71733248,24.38,959.44,0.4665,-26.023,0.6592,6491,32.01,1
2026-05-01T22:58:05,53980,48813,5167,9.4452,0,48813,17978.1697,16257.2879,1720.8819,11.3011,11.335,1.397,4390,4477,0.1015,5398,0.1991,0.9629,5398,0,1.34,3,0,72335360,25.94,578.93,0.5615,-12.9846,0.7163,5398,30.46,1
2026-05-01T22:58:08,66240,53431,12809,4.171,0,53431,22070.6897,17802.8234,4267.8663,10.5915,10.6242,2.6195,4810,4912,0.1873,6624,0.1836,0.9657,6624,0,1.57,5,0,73187328,24.39,987.33,0.4567,-0.1535,0.4616,6624,33.26,1
2026-05-01T22:58:11,54680,48551,6129,7.9202,0,48551,18206.3145,16165.5957,2040.7188,11.2349,11.272,1.4889,4378,4474,0.1081,5468,0.1763,0.9623,5468,0,1.38,3,0,73768960,25.83,1312.61,0.5542,-16.6792,0.7498,5468,26.07,1
2026-05-01T22:58:14,61800,51128,10662,4.7949,10,184600503,20591.7767,17035.8634,3552.5813,10.6328,10.6598,2.4797,4598,4677,0.1783,6180,0.1799,0.9669,6180,0,1.48,3,0,74489856,25.13,738.91,0.4903,-30.6295,0.9543,6180,28.55,1
2026-05-01T22:58:17,59790,50281,9509,5.2872,0,50281,19918.1991,16750.4092,3167.7898,10.8018,10.8307,2.2158,4554,4635,0.1599,5979,0.1579,0.9629,5979,0,1.48,3,0,75149312,24.79,570.95,0.505,0.007,0.4984,5979,27.31,1
2026-05-01T22:58:20,56320,49740,6580,7.5581,0,49740,18766.4996,16573.9647,2192.5349,11.2051,11.2328,1.5993,4504,4578,0.1158,5632,0.1614,0.9636,5632,0,1.4,3,0,75776000,26.16,2481.12,0.5381,-0.2567,0.598,5632,24.82,1
2026-05-01T22:58:23,64220,51988,12232,4.2498,0,51988,21398.1502,17322.439,4075.7112,10.4722,10.496,2.7061,4610,4681,0.1942,6422,0.1566,0.9668,6422,0,1.52,4,0,76664832,26.34,3099.34,0.4706,-21.2096,0.7054,6422,28.64,1
2026-05-01T22:58:26,54750,48153,6587,7.3092,10,184597528,18241.8134,16043.7998,2194.6817,11.0639,11.096,1.7192,4311,4392,0.1247,5475,0.1457,0.9636,5475,0,1.35,5,0,77238272,25.64,748.8,0.5525,0.0067,0.5728,5475,28.75,1
2026-05-01T22:58:29,61290,50594,10696,4.7297,0,50594,20412.9094,16850.5586,3562.3508,10.6315,10.6554,2.4422,4516,4586,0.1759,6129,0.1543,0.9674,6129,0,1.46,4,0,77987840,24.86,1160.42,0.4949,-33.5993,1.0487,6129,28.87,1
2026-05-01T22:58:32,59060,50536,8524,5.928,0,50536,19676.6211,16836.7376,2839.8835,10.9416,10.9743,1.9856,4506,4597,0.1434,5906,0.1336,0.9589,5906,0,1.46,5,0,78630912,25.54,1511.84,0.5134,0.0099,0.6104,5906,29.82,1
2026-05-01T22:58:35,56100,48949,7151,6.8441,0,48949,18690.2307,16307.8094,2382.4214,11.0546,11.0823,1.7829,4418,4489,0.1292,5610,0.129,0.9622,5610,0,1.38,3,0,79265792,25.37,724.06,0.5406,-26.459,0.9805,5610,27.39,1
2026-05-01T22:58:38,63970,51714,12256,4.2191,0,51714,21314.3505,17230.7382,4083.6123,10.5022,10.5352,2.6943,4678,4775,0.1934,6397,0.1278,0.9664,6397,0,1.51,4,0,80146432,23.9,805.77,0.4727,-11.7819,0.5442,6397,29.54,1
2026-05-01T22:58:41,55350,49138,6212,7.9089,0,49138,18437.6373,16368.3581,2069.2792,11.1771,11.2008,1.609,4433,4494,0.1167,5535,0.1205,0.9619,5535,0,1.38,3,0,80723968,24.74,662.1,0.5468,-26.1084,0.8061,5535,25.15,1
2026-05-01T22:58:44,63700,51828,11872,4.3652,0,51828,21221.7349,17266.5632,3955.1717,10.5706,10.5971,2.591,4664,4743,0.186,6370,0.1205,0.964,6370,0,1.48,3,0,81506304,24.46,752.26,0.4755,-0.1748,0.4592,6370,29.05,1
2026-05-01T22:58:47,56990,49370,7620,6.4782,0,49370,18986.9822,16448.2771,2538.7051,11.0786,11.1115,1.7706,4472,4556,0.1281,5699,0.1047,0.9629,5699,0,1.4,3,0,82096128,25.05,548.86,0.5309,-18.3773,0.6439,5699,26.87,1
2026-05-01T22:58:50,59910,50869,9031,5.6321,10,184600244,19963.2445,16950.5973,3009.315,10.8777,10.9062,2.0105,4374,4449,0.1447,5991,0.1107,0.9696,5991,0,1.43,3,0,82825216,25.54,1173.79,0.5058,-21.1771,0.8177,5991,24.38,1
2026-05-01T22:58:53,61540,51411,10129,5.0751,0,51411,20488.2728,17116.0642,3372.2086,10.6166,10.6411,2.3661,4324,4393,0.1703,6154,0.1034,0.96,6154,0,1.48,12,0,83562496,24.76,584.07,0.4923,0.0068,0.4688,6154,28.87,1
2026-05-01T22:58:56,56330,50302,6028,8.3433,0,50302,18767.1018,16758.7921,2008.3098,11.2222,11.25,1.3789,4191,4254,0.0998,5633,0.1157,0.9592,5633,0,1.38,4,0,84135936,25.58,2668.02,0.5385,-31.158,0.9092,5633,27.67,1
2026-05-01T22:58:59,62590,50952,11638,4.3777,0,50952,20848.4545,16971.8877,3876.5668,10.6288,10.6568,2.4123,4464,4538,0.1734,6259,0.0912,0.9648,6259,0,1.51,4,1,84914176,25.09,840.81,0.4844,-0.2524,0.488,6259,27.64,1
2026-05-01T22:59:02,59030,50977,8053,6.3294,0,50977,19663.7632,16981.1902,2682.573,10.8763,10.8992,1.932,4221,4282,0.1394,5903,0.0898,0.9595,5903,0,1.43,3,0,85549056,25.34,1305.59,0.5128,0.0077,0.5507,5903,26.77,1
2026-05-01T22:59:05,60010,50208,9802,5.1217,0,50208,19992.8483,16727.2275,3265.6207,10.7391,10.7653,2.2868,4512,4586,0.165,6001,0.0946,0.9619,6001,0,1.43,9,0,86216704,25.06,1328.74,0.5042,-24.9697,0.7522,6001,32.3,1
2026-05-01T22:59:08,62900,51856,11044,4.695,3,51856,20956.7537,17277.1608,3679.5928,10.7056,10.7348,2.3961,4659,4746,0.1722,6290,0.0839,0.9614,6290,0,1.51,3,0,87056384,25.65,2548.61,0.4819,-18.3356,0.643,6290,31.98,1
2026-05-01T22:59:11,57700,50218,7482,6.7109,3,50218,19194.9432,16705.9213,2489.0219,11.1024,11.1311,1.7427,4493,4572,0.126,5770,0.0881,0.9582,5770,0,1.4,3,0,87687168,25.95,810.97,0.5247,-25.4449,0.9047,5770,39.95,1
2026-05-01T22:59:14,61520,49636,11884,4.1764,0,49636,20498.0002,16538.341,3959.6592,10.4288,10.4583,2.6963,4445,4529,0.1944,6152,0.0745,0.9633,6152,0,1.53,3,0,88522752,25.75,587.22,0.4932,-34.2444,0.8515,6152,23.71,1
2026-05-01T22:59:17,58330,50045,8285,6.0397,0,50045,19429.4039,16669.7157,2759.6882,10.9544,10.9802,1.9848,4531,4602,0.1435,5833,0.0779,0.9642,5833,0,1.4,5,0,89145344,25.76,663.68,0.519,0.0082,0.6219,5833,28.4,1
2026-05-01T22:59:20,58490,50040,8450,5.9212,0,50040,19488.0772,16672.6514,2815.4257,10.7918,10.8178,2.1575,4402,4472,0.1561,5849,0.072,0.9671,5849,0,1.43,5,0,89878528,25.57,1038.07,0.5184,-30.9231,0.9219,5849,28.18,1
2026-05-01T22:59:23,62270,51151,11119,4.5999,0,51151,20740.4128,17036.9818,3703.431,10.5043,10.5303,2.6023,4475,4551,0.1872,6227,0.0813,0.9622,6227,0,1.46,6,0,90660864,24.8,1248.4,0.4859,0.0087,0.4845,6227,24.89,1
2026-05-01T22:59:27,56010,49066,6944,7.0649,0,49066,18649.7968,16337.6349,2312.1619,11.0151,11.037,1.8096,4353,4410,0.1312,5601,0.0703,0.9667,5601,0,1.38,3,0,91262976,25.64,1128.71,0.5409,-21.3987,0.7383,5601,27.38,1
2026-05-01T22:59:30,63720,51374,12346,4.1608,3,51374,21226.5062,17113.7874,4112.7189,10.4219,10.4512,2.7521,4562,4642,0.1979,6372,0.0603,0.9665,6372,0,1.51,3,0,92094464,24.87,600.85,0.4747,-24.9434,0.6616,6372,43.7,1
2026-05-01T22:59:33,59250,51357,7893,6.5058,0,51357,19739.4643,17109.8678,2629.5965,10.9926,11.0303,1.9342,4559,4660,0.1396,5925,0.061,0.9627,5925,0,1.43,3,0,92725248,24.58,547.92,0.5144,0.0068,0.6916,5925,28.15,1
2026-05-01T22:59:36,59840,51117,8723,5.8594,0,51117,19940.1836,17033.462,2906.7216,10.8709,10.9025,2.1341,4593,4683,0.1539,5984,0.0603,0.9634,5984,0,1.46,3,0,93466624,25.58,2091.53,0.5052,-0.3561,0.5161,5984,22.09,1
2026-05-01T22:59:39,62562,50734,11834,4.2868,2,184600101,20844.1601,16903.3538,3942.8054,10.4818,10.511,2.6628,4532,4620,0.1915,6257,0.0554,0.9693,6257,0,1.48,5,0,94285824,25.11,897.51,0.4826,0.0073,0.4711,6257,30.08,1
2026-05-01T22:59:42,56740,49018,7722,6.347,0,49018,18900.3945,16328.1554,2572.2391,10.988,11.0177,1.8896,4432,4511,0.1369,5674,0.0532,0.9689,5674,0,1.38,5,0,94941184,26.5,1295.61,0.5328,-12.1707,0.6457,5674,27.46,1
2026-05-01T22:59:45,63400,50564,12836,3.9389,0,50564,21121.1889,16844.981,4276.2079,10.4181,10.4467,2.76,4558,4645,0.1984,6340,0.0467,0.9647,6340,0,1.54,3,0,95784960,26.07,595.73,0.4781,-29.9105,0.7649,6340,31.87,1
2026-05-01T22:59:48,58290,49928,8362,5.9701,0,49928,19419.2339,16633.445,2785.7889,10.9696,11.0009,1.95,4508,4593,0.1408,5829,0.0552,0.9614,5829,0,1.43,6,0,96444416,26.11,984.41,0.5195,-0.122,0.6367,5829,27.98,1
2026-05-01T22:59:51,61270,51024,10246,4.9794,0,51024,20410.2384,16997.0949,3413.1435,10.6467,10.6751,2.4288,4539,4618,0.175,6127,0.0436,0.9601,6127,0,1.46,3,0,97230848,25.56,1031.42,0.4938,-24.8625,0.7971,6127,25.91,1
2026-05-01T22:59:54,62380,50917,11463,4.4415,0,50917,20783.7912,16964.5447,3819.2465,10.6041,10.6336,2.4936,4555,4638,0.1794,6238,0.0419,0.9627,6238,0,1.48,3,0,98025472,24.95,2045.56,0.4856,0.0077,0.4862,6238,29.84,1
2026-05-01T22:59:57,57850,50490,7360,6.8591,0,50490,19274.0631,16821.9092,2452.1539,11.1451,11.1759,1.6779,4501,4583,0.1212,5785,0.0438,0.9622,5785,0,1.4,3,0,98689024,24.76,589.41,0.5243,0.0072,0.5692,5785,29.35,1
2026-05-01T23:00:00,63450,51116,12334,4.144,0,51116,21127.6951,17020.6976,4106.9975,10.448,10.4761,2.7064,4537,4618,0.1945,6345,0.0417,0.9641,6345,0,1.48,3,0,99594240,25.06,687.71,0.4769,-26.5649,0.8435,6345,31.61,1
2026-05-01T23:00:03,56820,50055,6765,7.398,0,50055,18925.9487,16672.6217,2253.3271,11.1203,11.1529,1.7025,4466,4549,0.1232,5682,0.0349,0.9644,5682,0,1.38,5,0,100286464,25.03,1365.84,0.5345,-24.0851,0.913,5682,28.05,1
2026-05-01T23:00:06,60360,50632,9728,5.2042,0,50632,20113.6284,16871.9886,3241.6398,10.7303,10.7599,2.2887,4496,4576,0.165,6036,0.0363,0.968,6036,0,1.46,3,0,101068800,25.03,643.98,0.5022,-19.5108,0.7116,6036,27.94,1
2026-05-01T23:00:09,61560,51369,10191,5.0401,0,51369,20511.1096,17115.5813,3395.5282,10.6645,10.6911,2.3749,4488,4561,0.1711,6156,0.0354,0.965,6156,0,1.46,3,0,101847040,24.41,603.93,0.4914,-0.6328,0.5213,6156,30.77,1
2026-05-01T23:00:12,56570,49573,6997,7.0839,0,49573,18849.4043,16517.9692,2331.4351,11.1884,11.2186,1.5903,4450,4529,0.1151,5657,0.0371,0.9607,5657,0,1.38,3,0,102535168,25.66,1293.06,0.5363,-35.6168,1.1229,5657,27.29,1
2026-05-01T23:00:15,63240,50967,12273,4.1524,0,50967,21051.6671,16966.1657,4085.5014,10.2936,10.3206,2.8928,4463,4540,0.2081,6324,0.024,0.9637,6324,0,1.54,3,0,103411712,26.15,5243.71,0.4783,0.0084,0.4742,6324,34.42,1
2026-05-01T23:00:18,50730,46683,4047,11.5324,0,46683,16902.0936,15553.7243,1348.3693,11.4053,11.4388,1.1227,4186,4266,0.082,5073,0.0258,0.9634,5073,0,1.37,4,0,104091648,28.15,1385.65,0.5992,-38.4694,1.1603,5073,23.97,1
2026-05-01T23:00:21,62990,51543,11447,4.5024,0,51543,20986.7528,17172.8878,3813.865,10.496,10.5228,2.6409,4537,4615,0.1899,6299,0.0355,0.972,6299,0,1.54,6,0,104890368,25.11,663.89,0.48,-18.7067,0.671,6299,37.63,1
2026-05-01T23:00:24,55180,49539,5641,8.7804,0,49539,18376.9235,16498.2678,1878.6558,11.2271,11.2551,1.523,4424,4495,0.1105,5518,0.0278,0.9638,5518,0,1.43,3,0,105566208,26.98,1195.88,0.5511,-1.6731,0.7161,5518,29.19,1
2026-05-01T23:00:27,60080,50821,9259,5.4882,0,50821,20011.8505,16927.8005,3084.05,10.9461,10.9769,2.0175,4594,4678,0.1455,6008,0.0255,0.9615,6008,0,1.48,5,0,106364928,25.78,1237.54,0.5039,0.0091,0.4984,6008,33.6,1
2026-05-01T23:00:30,60300,50882,9418,5.4021,0,50882,20078.7642,16942.7476,3136.0166,10.7516,10.7787,2.2949,4568,4645,0.1655,6030,0.0221,0.9615,6030,0,1.51,3,0,107163648,25.66,801.58,0.5031,0.008,0.595,6030,35.21,1
2026-05-01T23:00:33,56030,49141,6889,7.1322,0,49141,18663.3399,16368.6451,2294.6948,11.1135,11.1431,1.693,4420,4497,0.1228,5603,0.0242,0.9613,5603,0,1.45,6,0,107847680,26.84,880.03,0.5428,-42.4195,1.2795,5603,36.43,1
2026-05-01T23:00:36,63570,52500,11070,4.7421,3,52500,21178.1998,17490.2547,3687.9451,10.7602,10.7885,2.352,4739,4821,0.1686,6357,0.0169,0.9652,6357,0,1.56,3,0,108789760,25.28,905.98,0.4785,-1.012,0.5624,6357,26.56,1
2026-05-01T23:00:39,45810,42903,2907,14.7534,0,42903,15249.3624,14281.672,967.6904,11.3402,11.3695,1.0258,3826,3889,0.0757,4581,0.017,0.9566,4581,0,1.29,3,0,109514752,30.81,1439.97,0.6599,-13.9199,0.9146,4581,59.28,1
2026-05-01T23:00:42,58440,48742,9698,5.0255,0,48742,19464.7056,16234.577,3230.1286,10.7339,10.7594,2.2568,4421,4492,0.1632,5844,0.0224,0.9749,5844,0,1.55,3,0,110120960,27.09,534.8,0.5224,-1.819,0.8728,5844,27.37,1
2026-05-01T23:00:45,54170,48214,5956,8.0937,0,48214,18046.2186,16062.0341,1984.1846,11.2678,11.2984,1.4432,4381,4459,0.1049,5417,0.0155,0.9621,5417,0,1.38,5,0,110813184,26.81,601.84,0.5597,-0.1721,0.6058,5417,30.91,1
2026-05-01T23:00:48,64870,52384,12486,4.1951,0,52384,21603.2614,17445.1248,4158.1366,10.4608,10.4913,2.7404,4657,4750,0.1965,6487,0.0174,0.962,6487,0,1.57,5,0,111837184,24.95,593.91,0.4669,-0.2014,0.4876,6487,41.56,1
2026-05-01T23:00:52,47130,43688,3442,12.6889,0,43688,15701.5421,14554.8265,1146.7156,11.4654,11.4916,0.9202,3993,4051,0.0677,4713,0.0163,0.9624,4713,0,1.39,3,0,112537600,29.75,1174.78,0.6442,-24.8725,0.973,4713,21.74,1
2026-05-01T23:00:55,63060,51405,11655,4.4102,0,51405,21008.0592,17125.2662,3882.7931,10.4751,10.5062,2.6657,4531,4621,0.1917,6306,0.0159,0.966,6306,0,1.52,3,0,113270784,25.56,586.85,0.4798,-24.5404,0.6615,6306,52.76,1
2026-05-01T23:00:58,56820,49958,6862,7.2793,0,49958,18930.8617,16644.632,2286.2297,11.0949,11.1253,1.7311,4441,4521,0.1253,5682,0.0158,0.961,5682,0,1.5,3,0,113979392,26.45,833.68,0.5387,0.0077,0.7796,5682,28.14,1
2026-05-01T23:01:01,57370,49608,7752,6.3986,10,184598983,19114.4498,16528.3183,2582.7996,11.1095,11.1433,1.7478,4512,4605,0.1262,5737,0.0122,0.9634,5737,0,1.51,3,0,114757632,27.01,588.64,0.5274,-0.1281,0.5705,5737,40.26,1
2026-05-01T23:01:04,56310,48746,7564,6.4436,0,48746,18759.9528,16239.9691,2519.9837,10.9289,10.9567,1.942,4360,4432,0.1408,5631,0.0154,0.9647,5631,0,1.47,3,0,115548160,25.9,498.54,0.5389,0.0069,0.7084,5631,29.42,1
2026-05-01T23:01:07,57040,49687,7353,6.7565,0,49687,19005.4761,16555.489,2449.9871,10.9627,10.9849,1.946,4469,4527,0.141,5704,0.0175,0.9671,5704,0,1.48,3,0,116326400,26.73,829.57,0.5329,-28.3371,0.9825,5704,26.47,1
2026-05-01T23:01:10,58560,49815,8735,5.7023,10,184599190,19509.0306,16595.6687,2910.0304,10.8993,10.9312,2.0435,4486,4571,0.1475,5856,0.0029,0.9659,5856,0,1.46,3,0,117137408,25.83,544.24,0.5168,-10.1671,0.6681,5856,29.97,1
2026-05-01T23:01:13,56760,49327,7433,6.6353,0,49327,18899.7558,16424.7402,2475.0156,11.0,11.0299,1.8684,4423,4503,0.1353,5676,0.0059,0.9679,5676,0,1.48,3,0,117891072,26.81,1706.94,0.5349,-28.2123,0.9247,5676,34.52,1
2026-05-01T23:01:16,60010,50155,9855,5.0888,0,50155,19980.9116,16699.5938,3281.3178,10.7906,10.8233,2.2272,4543,4636,0.1606,6001,0.0048,0.9657,6001,0,1.48,3,0,118747136,24.92,529.58,0.504,0.0087,0.5115,6001,27.3,1
2026-05-01T23:01:19,53530,47575,5955,7.9877,0,47575,17834.098,15850.1254,1983.9726,11.3051,11.3327,1.3816,4373,4440,0.1005,5353,0.0059,0.9641,5353,0,1.43,3,0,119451648,27.04,1350.39,0.5663,0.0096,0.6244,5353,31.65,1
2026-05-01T23:01:22,63960,52192,11768,4.4347,0,52192,21304.09,17384.3506,3919.7394,10.5294,10.5583,2.6401,4649,4734,0.1896,6396,0.006,0.9712,6396,0,1.54,3,0,120401920,24.84,839.68,0.4745,-18.1779,0.6747,6396,33.34,1
2026-05-01T23:01:25,50550,46240,4300,10.751,10,184595615,16837.3348,15401.748,1432.256,11.4309,11.4627,1.1262,4247,4322,0.0821,5055,0.0047,0.9652,5055,0,1.34,3,0,121147392,27.62,1210.66,0.6011,-38.0018,1.1039,5055,28.89,1
2026-05-01T23:01:28,64265,52141,12114,4.3038,15,369150886,21410.7341,17371.4632,4035.9392,10.5598,10.5801,2.6359,4723,4785,0.1889,6427,0.0085,0.9627,6427,0,1.57,5,0,122007552,24.62,507.97,0.4707,0.0112,0.4719,6427,39.5,1
2026-05-01T23:01:31,50080,46722,3348,13.951,10,184596097,16682.3438,15563.7474,1115.2653,11.6098,11.6362,0.8609,4300,4362,0.0627,5008,0.006,0.9623,5008,0,1.37,3,0,122748928,27.74,568.71,0.6079,-34.2353,1.0135,5008,31.49,1
2026-05-01T23:01:34,62750,51735,11015,4.6964,0,51735,20902.4819,17233.3052,3669.1767,10.6316,10.6625,2.4906,4631,4719,0.179,6275,0.0004,0.9685,6275,0,1.53,4,0,123584512,25.17,656.26,0.4828,-0.4467,0.4651,6275,34.06,1
2026-05-01T23:01:37,55230,48992,6238,7.8525,0,48992,18397.8599,16319.8978,2077.9622,11.1686,11.198,1.5969,4392,4466,0.1159,5523,0.0027,0.9615,5523,0,1.48,3,0,124309504,26.81,702.76,0.549,0.009,0.6299,5523,28.62,1
2026-05-01T23:01:40,60620,50973,9647,5.2833,0,50973,20188.6615,16975.8602,3212.8013,10.8252,10.855,2.2074,4610,4696,0.159,6062,0.0009,0.9633,6062,0,1.48,3,0,125136896,26.13,609.61,0.4994,-15.4877,0.6167,6062,34.42,1
2026-05-01T23:01:43,53028,48102,4920,9.7748,11,184597475,17667.1937,16026.0118,1639.1829,11.3663,11.3893,1.3007,4390,4447,0.0945,5303,0.0057,0.9595,5303,0,1.4,3,0,125874176,26.63,558.58,0.5729,-0.3063,0.7437,5303,27.11,1
2026-05-01T23:01:46,61050,50691,10359,4.893,0,50691,20335.7376,16885.1576,3450.5799,10.8184,10.8446,2.2232,4624,4700,0.16,6105,0.0026,0.9624,6105,0,1.54,3,0,126750720,25.16,530.43,0.4955,-0.1389,0.5254,6105,35.2,1
2026-05-01T23:01:49,49910,46004,3906,11.7748,0,46004,16626.7814,15325.5551,1301.2264,11.4748,11.5114,1.0436,4229,4315,0.0763,4991,-0.0026,0.9617,4991,0,1.34,3,1,127467520,28.07,783.33,0.6078,-1.7825,0.6969,4991,24.17,1
2026-05-01T23:01:52,62340,51081,11249,4.5405,13,184600456,20768.5601,17017.6262,3747.6024,10.6033,10.6305,2.5212,4609,4683,0.1814,6234,0.0033,0.9698,6234,0,1.54,10,0,128323584,25.39,553.18,0.4857,-10.7466,0.6294,6234,28.55,1
2026-05-01T23:01:55,56200,48636,7564,6.4291,0,48636,18724.9686,16204.7611,2520.2075,10.9909,11.0216,1.8508,4360,4442,0.1342,5620,-0.003,0.9642,5620,0,1.46,10,0,129032192,26.33,623.59,0.5397,0.0095,0.647,5620,30.62,1
2026-05-01T23:01:58,58160,49448,8712,5.6752,0,49448,19371.0626,16469.4,2901.6626,10.7579,10.7893,2.222,4426,4510,0.1608,5816,-0.0002,0.9557,5816,0,1.48,3,0,129794048,26.85,2348.46,0.5207,-23.1803,0.8489,5816,33.4,1
2026-05-01T23:02:01,59390,49953,9437,5.2928,0,49953,19788.349,16644.004,3144.345,10.8404,10.8676,2.1488,4530,4605,0.1551,5939,-0.0009,0.9614,5939,0,1.51,6,0,130621440,25.48,1238.55,0.5101,-0.1746,0.6017,5939,36.96,1
2026-05-01T23:02:04,54450,48249,6201,7.7796,0,48249,18142.2272,16076.1124,2066.1148,11.2417,11.2686,1.4869,4391,4459,0.108,5445,0.0009,0.9654,5445,0,1.4,7,0,131301376,27.04,2145.19,0.5575,-2.1245,0.624,5445,34.56,1
2026-05-01T23:02:07,65090,52126,12964,4.0205,0,52126,21686.1225,17366.8893,4319.2333,10.4915,10.5226,2.6859,4638,4733,0.1927,6509,-0.0084,0.9683,6509,0,1.56,3,0,132329472,24.51,672.92,0.4672,-0.5691,0.5061,6509,30.35,1
2026-05-01T23:02:10,50870,47361,3509,13.4932,0,47361,16950.8578,15781.5919,1169.266,11.6317,11.6618,0.824,4321,4393,0.0602,5087,0.0025,0.96,5087,0,1.38,3,0,133046272,26.7,1344.97,0.5945,0.0081,0.6995,5087,25.26,1
2026-05-01T23:02:14,62960,51586,11374,4.535,0,51586,20976.9558,17187.3768,3789.579,10.631,10.6609,2.4789,4611,4697,0.1782,6296,-0.0037,0.9677,6296,0,1.54,3,0,133832704,25.78,655.69,0.4816,0.0088,0.4514,6296,35.15,1
2026-05-01T23:02:17,55280,48782,6488,7.5176,10,184598157,18412.9918,16248.5993,2161.0617,11.155,11.1897,1.6352,4415,4505,0.1185,5528,-0.0075,0.9631,5528,0,1.48,5,0,134512640,27.88,1972.48,0.5474,-25.2856,0.9354,5528,27.75,1
2026-05-01T23:02:20,58780,49945,8835,5.6524,0,49945,19584.3325,16640.6854,2943.6471,10.9171,10.9486,2.0177,4493,4581,0.1458,5878,-0.0098,0.9655,5878,0,1.46,3,0,135254016,26.73,1340.1,0.515,-19.533,0.7043,5878,35.13,1
2026-05-01T23:02:23,55860,48843,7017,6.9597,0,48843,18611.6326,16273.6837,2337.9489,11.1128,11.1423,1.7011,4425,4503,0.1233,5586,-0.0056,0.9677,5586,0,1.43,3,0,135946240,26.39,1579.9,0.5441,-0.1057,0.606,5586,39.44,1
2026-05-01T23:02:26,57070,49146,7924,6.2014,0,49146,19006.1245,16367.1806,2638.9439,10.8233,10.8529,2.0887,4346,4425,0.1514,5707,-0.0062,0.9613,5707,0,1.47,3,0,136708096,26.13,774.12,0.5314,0.0079,0.5907,5707,33.21,1
2026-05-01T23:02:29,63708,52621,11081,4.7483,8,184601994,21216.4982,17524.2254,3690.2746,10.6523,10.6852,2.4914,4701,4798,0.1786,6371,-0.0104,0.9664,6371,0,1.53,5,0,137609216,24.94,846.21,0.476,-31.3417,0.7804,6371,33.7,1
2026-05-01T23:02:32,50990,46321,4669,9.9188,0,46321,16989.8426,15434.1341,1555.7085,11.401,11.4274,1.1951,4286,4350,0.0873,5099,-0.0012,0.9617,5099,0,1.38,3,0,138313728,27.95,1408.58,0.5957,-0.1776,0.6559,5099,27.41,1
2026-05-01T23:02:35,63290,51310,11980,4.2826,0,51310,21088.9554,17097.0817,3991.8737,10.5274,10.557,2.6447,4646,4733,0.1901,6329,-0.0093,0.9595,6329,0,1.54,3,0,139079680,25.04,951.62,0.4778,-24.3746,0.6564,6329,30.78,1
2026-05-01T23:02:38,50240,46603,3637,12.8101,0,46603,16732.5763,15521.263,1211.3133,11.5826,11.6134,0.872,4257,4329,0.0637,5024,-0.0063,0.9603,5024,0,1.34,6,0,139767808,27.97,1100.28,0.6044,-29.9211,1.126,5024,34.04,1
2026-05-01T23:02:41,62180,51493,10687,4.8178,0,51493,20717.3806,17156.6433,3560.7373,10.6513,10.6786,2.4479,4598,4677,0.1761,6218,-0.0054,0.9678,6218,0,1.53,4,0,140517376,25.83,591.75,0.4887,0.0072,0.5167,6218,27.76,1
2026-05-01T23:02:44,51150,47801,3349,14.269,0,47801,17041.1306,15925.378,1115.7526,11.6037,11.633,0.9063,4371,4441,0.0661,5115,-0.0055,0.9668,5115,0,1.38,5,0,141201408,28.2,1268.38,0.5926,-1.2107,0.6654,5115,29.92,1
2026-05-01T23:02:47,63000,51313,11687,4.3902,3,51313,20985.8737,17092.8276,3893.0461,10.5597,10.586,2.5656,4578,4653,0.1844,6300,-0.0063,0.9651,6300,0,1.54,3,0,142041088,25.12,509.71,0.4805,-0.6241,0.4459,6300,29.71,1
2026-05-01T23:02:50,51420,47477,3943,12.0378,0,47477,17130.4647,15816.8626,1313.6021,11.3852,11.4095,0.9943,3963,4019,0.0725,5142,-0.0043,0.9591,5142,0,1.43,3,0,142696448,28.1,2325.7,0.5902,-34.7882,1.0507,5142,29.33,1
2026-05-01T23:02:53,63130,52214,10916,4.7828,0,52214,21033.4275,17396.4737,3636.9538,10.6652,10.6941,2.3959,4546,4626,0.172,6313,-0.0084,0.9659,6313,0,1.51,3,0,143425536,24.15,647.03,0.4799,-28.5715,0.8954,6313,29.1,1
2026-05-01T23:02:56,50720,47104,3616,13.0229,0,47104,16894.4781,15690.0137,1204.4644,11.4877,11.5222,1.0096,4227,4307,0.0737,5072,-0.0104,0.9605,5072,0,1.34,3,0,144089088,27.25,1127.2,0.5987,-0.571,0.7038,5072,29.56,1
2026-05-01T23:02:59,63060,52200,10860,4.8062,0,52200,21010.9647,17392.5207,3618.444,10.7163,10.7418,2.3901,4680,4755,0.1716,6306,-0.0071,0.9603,6306,0,1.53,3,0,144859136,25.09,799.93,0.4803,0.0116,0.412,6306,30.15,1
2026-05-01T23:03:02,50790,47307,3483,13.5784,0,47307,16922.22,15761.7535,1160.4665,11.4417,11.4716,1.105,4251,4322,0.0807,5079,-0.0073,0.9631,5079,0,1.38,3,0,145530880,28.02,786.35,0.5963,0.0075,0.6763,5079,27.93,1
2026-05-01T23:03:05,63090,52475,10615,4.943,0,52475,21017.3474,17481.1429,3536.2045,10.7348,10.761,2.3507,4655,4733,0.1688,6309,-0.0086,0.9693,6309,0,1.53,3,0,146337792,24.89,548.8,0.4802,-0.5172,0.5003,6309,28.48,1
2026-05-01T23:03:08,54400,49101,5299,9.2643,0,49101,18123.5823,16358.1988,1765.3835,11.3335,11.3596,1.3777,4452,4517,0.1,5440,-0.0052,0.9614,5440,0,1.4,3,0,146989056,27.08,1484.29,0.5582,0.0106,0.6229,5440,29.18,1
2026-05-01T23:03:11,62280,51694,10576,4.8874,10,184601069,20749.0623,17222.2547,3523.476,10.7634,10.791,2.3187,4662,4745,0.1665,6228,-0.0071,0.9584,6228,0,1.57,4,0,147783680,25.71,830.2,0.4862,-27.4469,0.8096,6228,32.84,1
2026-05-01T23:03:14,56980,50184,6796,7.3833,0,50184,18973.8949,16710.88,2263.0149,11.1931,11.2201,1.6445,4562,4634,0.119,5698,-0.0083,0.9612,5698,0,1.43,3,0,148422656,25.83,930.88,0.5331,0.007,0.595,5698,28.39,1
2026-05-01T23:03:17,58280,50325,7955,6.3254,0,50325,19417.2365,16766.857,2650.3795,11.0034,11.0389,1.9143,4543,4634,0.1383,5828,-0.0119,0.965,5828,0,1.48,3,0,149143552,26.34,1139.87,0.5204,-32.243,0.9499,5828,29.65,1
2026-05-01T23:03:20,54390,48001,6389,7.5119,0,48001,18123.2306,15994.3591,2128.8715,11.1393,11.1762,1.6188,4339,4433,0.1177,5439,-0.0145,0.9661,5439,0,1.43,6,0,149794816,26.61,1934.55,0.5578,0.0068,0.6093,5439,26.63,1
2026-05-01T23:03:23,60220,51597,8623,5.983,0,51597,20063.8092,17190.8397,2872.9696,10.983,11.0125,2.0128,4687,4770,0.145,6022,-0.0092,0.971,6022,0,1.48,3,0,150597632,25.07,577.29,0.5027,-17.2516,0.6678,6022,32.2,1
2026-05-01T23:03:26,60450,50965,9485,5.3727,3,50965,20135.0814,16975.7556,3159.3258,10.8267,10.8555,2.1866,4574,4654,0.1575,6045,-0.0083,0.9602,6045,0,1.53,3,0,151379968,26.48,910.37,0.5013,-29.6094,0.8007,6045,30.0,1
2026-05-01T23:03:29,54660,48905,5755,8.4964,0,48905,18203.7029,16287.0855,1916.6175,11.3694,11.3999,1.3318,4476,4554,0.0966,5466,-0.0096,0.9627,5466,0,1.43,3,0,151990272,26.81,546.44,0.5553,-18.2598,0.8706,5466,35.05,1
2026-05-01T23:03:32,64740,52626,12114,4.3439,0,52626,21571.9047,17535.4195,4036.4852,10.3303,10.3582,2.8994,4603,4685,0.2082,6474,-0.0137,0.9639,6474,0,1.57,3,0,152936448,24.74,531.34,0.4695,-0.8582,0.53,6474,27.53,1
2026-05-01T23:03:35,51990,47975,4015,11.946,0,47975,17316.5326,15979.2393,1337.2933,11.4659,11.4948,1.1322,4369,4441,0.0825,5199,-0.0112,0.9648,5199,0,1.38,3,0,153530368,27.93,3286.14,0.5821,0.0065,0.7172,5199,28.36,1
2026-05-01T23:03:39,63480,51378,12102,4.2451,0,51378,21150.2257,17118.0891,4032.1366,10.5192,10.5465,2.62,4569,4651,0.1882,6348,-0.012,0.965,6348,0,1.53,3,0,154230784,25.23,659.0,0.4782,-28.4795,0.9109,6348,46.84,1
2026-05-01T23:03:42,55250,49187,6063,8.1113,0,49187,18405.0952,16385.365,2019.7302,11.2319,11.265,1.5202,4431,4517,0.1102,5525,-0.0138,0.9664,5525,0,1.47,3,0,154865664,26.55,954.92,0.5514,0.007,0.7163,5525,26.99,1
2026-05-01T23:03:45,60470,51128,9342,5.4723,0,51128,20145.5027,17033.2275,3112.2753,10.8145,10.8486,2.1966,4558,4653,0.1583,6047,-0.0167,0.9686,6047,0,1.51,3,0,155582464,25.81,781.67,0.5003,-0.1189,0.4557,6047,35.43,1
2026-05-01T23:03:48,55240,48563,6677,7.2721,0,48563,18404.3951,16179.8088,2224.5863,11.0956,11.1292,1.6933,4363,4447,0.1229,5524,-0.0138,0.9613,5524,0,1.43,4,0,156172288,26.2,544.24,0.5489,0.0087,0.6227,5524,34.12,1
2026-05-01T23:03:51,59390,50231,9159,5.4837,0,50231,19781.2368,16730.6163,3050.6204,10.7469,10.7741,2.2478,4452,4528,0.1623,5939,-0.0106,0.9659,5939,0,1.48,7,0,156897280,26.85,1188.58,0.5117,0.0081,0.5823,5939,34.14,1
2026-05-01T23:03:54,55500,49033,6467,7.5809,0,49033,18489.2323,16334.8203,2154.412,11.1713,11.2073,1.5875,4386,4480,0.1151,5550,-0.0171,0.9619,5550,0,1.48,3,0,157462528,26.33,1037.84,0.5463,-1.1749,0.6497,5550,26.84,1
2026-05-01T23:03:57,59340,50710,8630,5.8753,0,50710,19768.368,16893.393,2874.975,10.9528,10.989,1.9839,4537,4636,0.1431,5934,-0.0161,0.9639,5934,0,1.43,4,2,158228480,25.35,1077.57,0.5108,0.0096,0.5173,5934,41.29,1
2026-05-01T23:04:00,57130,49666,7464,6.6532,0,49666,19032.0438,16545.5188,2486.525,11.0235,11.0506,1.8381,4438,4510,0.133,5713,-0.0115,0.966,5713,0,1.47,3,0,158859264,25.51,784.95,0.5323,-34.359,0.9541,5713,32.48,1
2026-05-01T23:04:03,57590,50193,7397,6.7847,0,50193,19173.0107,16710.3825,2462.6282,11.0491,11.0762,1.8209,4483,4555,0.1316,5759,-0.0127,0.9692,5759,0,1.46,3,0,159514624,26.65,578.95,0.5274,-25.3449,0.9336,5759,29.59,1
2026-05-01T23:04:06,56430,49326,7104,6.9424,0,49326,18801.0633,16434.1884,2366.875,11.0186,11.0496,1.8316,4406,4488,0.1327,5643,-0.0129,0.9576,5643,0,1.46,6,0,160149504,26.33,1021.73,0.5378,-35.4029,1.1214,5643,29.5,1
2026-05-01T23:04:09,58570,50608,7962,6.3554,3,50608,19515.0979,16862.2175,2652.8805,11.1579,11.1845,1.7371,4649,4723,0.1253,5857,-0.0095,0.9587,5857,0,1.48,3,0,160858112,25.99,1163.68,0.5179,-37.2893,1.103,5857,32.09,1
2026-05-01T23:04:12,53199,46651,6540,7.1321,9,184596025,17719.2602,15538.2847,2178.3109,11.0551,11.0826,1.712,4255,4324,0.1246,5320,-0.0108,0.9629,5320,0,1.45,3,0,161431552,27.5,790.04,0.5689,-19.6085,0.7755,5320,48.16,1
2026-05-01T23:04:15,57870,50592,7278,6.9504,0,50592,19278.0804,16853.5795,2424.5009,11.11,11.1357,1.77,4566,4636,0.1279,5787,-0.0116,0.9612,5787,0,1.47,3,0,162127872,26.75,2210.36,0.5271,-37.2109,1.2582,5787,31.66,1
2026-05-01T23:04:18,55400,49167,6233,7.8869,0,49167,18448.3414,16372.7364,2075.6049,11.2091,11.2438,1.5685,4450,4541,0.1137,5540,-0.0162,0.9661,5540,0,1.4,3,0,162717696,27.14,2402.67,0.5483,-35.2958,1.0442,5540,30.59,1
2026-05-01T23:04:21,59300,50050,9250,5.4102,0,50050,19756.3888,16674.6587,3081.7301,10.8846,10.9101,2.1034,4569,4637,0.1518,5930,-0.0083,0.9619,5930,0,1.51,4,0,163450880,26.06,573.92,0.5106,-26.7797,0.9005,5930,33.3,1
2026-05-01T23:04:24,61880,52164,9716,5.3683,0,52164,20615.5634,17378.6401,3236.9233,10.9042,10.9343,2.1394,4718,4805,0.1537,6188,-0.0142,0.9655,6188,0,1.51,3,0,164159488,25.19,1470.95,0.4918,-0.1014,0.5186,6188,32.56,1
2026-05-01T23:04:27,54040,48820,5220,9.3507,3,48820,18002.5157,16263.5607,1738.9551,11.2774,11.3114,1.4315,4389,4475,0.104,5404,-0.0159,0.9615,5404,0,1.43,4,0,164716544,26.76,538.17,0.5604,-1.0612,0.5701,5404,30.12,1
2026-05-01T23:04:30,65840,52665,13175,3.997,3,52665,21935.3999,17545.9878,4389.4121,10.4846,10.5139,2.7389,4735,4824,0.1961,6584,-0.015,0.9635,6584,0,1.57,3,0,165494784,24.31,516.3,0.4609,0.01,0.4376,6584,31.04,1
2026-05-01T23:04:33,53730,47907,5823,8.2258,0,47907,17902.1621,15962.0116,1940.1506,11.2519,11.2828,1.4588,4362,4436,0.1061,5373,-0.014,0.9635,5373,0,1.43,5,0,166060032,27.04,3805.51,0.5644,-32.0213,1.0291,5373,29.38,1
2026-05-01T23:04:36,62030,51438,10592,4.8558,3,51438,20664.9472,17136.2817,3528.6655,10.6645,10.6925,2.4364,4616,4695,0.1752,6203,-0.0132,0.9664,6203,0,1.51,3,0,166629376,24.96,503.36,0.4885,-29.1096,0.7468,6203,41.02,1
2026-05-01T23:04:39,52060,47933,4127,11.6117,3,47933,17335.4536,15961.2043,1374.2493,11.4599,11.4938,1.1155,4332,4413,0.0813,5206,-0.015,0.9642,5206,0,1.43,3,0,167149568,27.27,568.7,0.5849,-37.5145,1.2363,5206,28.51,1
2026-05-01T23:04:42,62380,51888,10492,4.945,3,51888,20778.7354,17283.8574,3494.878,10.8292,10.8594,2.2367,4697,4785,0.1606,6238,-0.0138,0.9647,6238,0,1.51,8,0,167858176,26.12,2023.65,0.4863,-27.0945,0.785,6238,34.93,1
2026-05-01T23:04:45,51040,46950,4090,11.4764,0,46950,17004.1981,15641.5968,1362.6013,11.4572,11.4877,1.1055,4294,4367,0.0807,5104,-0.0137,0.9641,5104,0,1.43,3,0,168382464,27.21,581.78,0.5934,-0.1779,0.644,5104,31.78,1
2026-05-01T23:04:48,62280,51665,10615,4.8667,0,51665,20753.2345,17216.0543,3537.1802,10.8027,10.8318,2.2795,4707,4791,0.1638,6228,-0.0157,0.9664,6228,0,1.51,3,0,169033728,25.5,561.65,0.4866,0.0103,0.5337,6228,35.22,1
2026-05-01T23:04:51,57080,49007,8073,6.0697,0,49007,18993.3786,16307.0866,2686.292,10.9116,10.9398,1.9904,4408,4484,0.1442,5708,-0.0147,0.9608,5708,0,1.47,3,0,169566208,26.3,519.65,0.532,0.0087,0.6043,5708,27.57,1
2026-05-01T23:04:55,56930,49479,7451,6.6397,0,49479,18953.3781,16472.7594,2480.6187,11.0608,11.0908,1.7915,4456,4537,0.1296,5693,-0.0148,0.9641,5693,0,1.46,3,0,170106880,26.63,2001.95,0.5317,-0.1148,0.5681,5693,35.69,1
2026-05-01T23:04:58,62270,51378,10892,4.7166,0,51378,20715.7058,17092.2038,3623.502,10.6097,10.6325,2.4941,4568,4635,0.1794,6227,-0.0103,0.9643,6227,0,1.53,3,0,170807296,25.72,811.58,0.4889,0.0073,0.577,6227,33.67,1
2026-05-01T23:05:01,51850,47058,4792,9.8181,0,47058,17272.7895,15676.4306,1596.3589,11.3499,11.3802,1.2722,4290,4363,0.0928,5185,-0.0131,0.9601,5185,0,1.43,7,0,171315200,27.11,900.49,0.5862,0.0075,0.8295,5185,28.31,1
2026-05-01T23:05:04,64357,52032,12311,4.2261,17,369150779,21443.1514,17336.5765,4101.9102,10.5859,10.6141,2.5812,4692,4775,0.1849,6436,-0.0171,0.9636,6436,0,1.51,3,0,171974656,24.85,518.44,0.4712,0.0083,0.4489,6436,39.55,1
2026-05-01T23:05:07,49420,46657,2763,16.8802,0,46657,16463.6995,15543.2381,920.4614,11.6453,11.6754,0.7494,4229,4299,0.0548,4942,-0.0128,0.9629,4942,0,1.4,4,0,172466176,27.63,614.77,0.6158,-33.853,1.0257,4942,29.85,1
2026-05-01T23:05:10,64850,52959,11891,4.4533,0,52959,21607.1123,17645.1975,3961.9148,10.658,10.6896,2.4939,4742,4834,0.1787,6485,-0.0162,0.9648,6485,0,1.57,3,0,173109248,24.95,856.73,0.4679,-0.2504,0.4523,6485,38.11,1
2026-05-01T23:05:13,49659,46261,3390,13.6423,9,184595635,16542.3459,15410.4083,1129.2727,11.4975,11.5321,0.9771,4181,4263,0.0713,4966,-0.0155,0.9617,4966,0,1.37,3,0,173625344,28.24,592.09,0.6104,-30.7414,1.1218,4966,28.84,1
2026-05-01T23:05:16,64080,51801,12279,4.2183,0,51801,21351.1323,17259.8316,4091.3008,10.5337,10.5618,2.649,4685,4768,0.1902,6408,-0.0143,0.9678,6408,0,1.54,4,0,174211072,25.41,950.54,0.4734,-0.1144,0.4632,6408,33.54,1
2026-05-01T23:05:19,54480,48613,5867,8.2844,0,48613,18154.0501,16199.0242,1955.0259,11.2671,11.302,1.4539,4405,4490,0.1055,5448,-0.017,0.9637,5448,0,1.45,3,0,174735360,26.35,737.81,0.5563,-12.8982,0.7153,5448,24.35,1
2026-05-01T23:05:22,59450,50724,8726,5.8123,0,50724,19792.7431,16887.5879,2905.1552,10.9439,10.9731,2.0302,4599,4682,0.1465,5945,-0.0139,0.9635,5945,0,1.48,4,0,175255552,26.37,1077.03,0.5096,-0.4014,0.5375,5945,31.27,1
2026-05-01T23:05:25,61090,51299,9781,5.2442,10,184600674,20356.2055,17093.6812,3259.1921,10.8159,10.8447,2.2184,4610,4691,0.1596,6109,-0.0148,0.962,6109,0,1.51,3,0,175869952,25.0,535.67,0.4969,-0.3311,0.5171,6109,32.58,1
2026-05-01T23:05:28,53910,47647,6263,7.6065,3,47647,17958.7292,15872.3719,2086.3573,11.004,11.0357,1.6008,3962,4032,0.1167,5391,-0.0154,0.9594,5391,0,1.43,3,0,176320512,26.72,1076.55,0.5616,-0.0889,0.6321,5391,29.1,1
2026-05-01T23:05:31,62425,51417,11008,4.6705,5,184600787,20801.2579,17133.1723,3668.0857,10.6253,10.6563,2.4058,4431,4519,0.1728,6243,-0.0167,0.9713,6243,0,1.48,5,0,176898048,25.09,555.48,0.4864,-22.4083,0.7421,6243,31.36,1
2026-05-01T23:05:34,52100,47358,4742,9.9848,0,47358,17358.1055,15778.218,1579.8875,11.3473,11.3751,1.2537,4257,4323,0.0914,5210,-0.012,0.9598,5210,0,1.4,3,0,177373184,27.52,1564.06,0.5818,-20.4959,0.8951,5210,31.38,1
2026-05-01T23:05:37,65280,52302,12978,4.0297,0,52302,21749.7672,17425.8015,4323.9657,10.5161,10.5426,2.692,4726,4808,0.1929,6528,-0.0138,0.9664,6528,0,1.54,7,0,178053120,24.56,3028.2,0.4638,-21.794,0.6184,6528,34.09,1
2026-05-01T23:05:40,48750,45898,2852,16.0876,0,45898,16241.392,15291.2289,950.1631,11.5625,11.5872,0.8594,4164,4220,0.063,4875,-0.0103,0.9654,4875,0,1.4,5,0,178528256,28.75,626.9,0.6232,0.0088,0.7504,4875,41.67,1
2026-05-01T23:05:43,63610,52436,11174,4.6923,0,52436,21190.3678,17467.9787,3722.3891,10.6906,10.7174,2.4447,4720,4801,0.1754,6361,-0.0146,0.9712,6361,0,1.53,3,0,179060736,25.48,1356.95,0.4781,-40.6191,1.1859,6361,36.49,1
2026-05-01T23:05:46,50030,46107,3923,11.75,0,46107,16669.5698,15362.4596,1307.1102,11.4735,11.4987,1.0523,4240,4299,0.077,5003,-0.0108,0.9632,5003,0,1.4,3,0,179499008,27.48,1419.77,0.6084,0.0069,0.7969,5003,25.41,1
2026-05-01T23:05:49,64990,52368,12622,4.1486,0,52368,21651.9111,17446.7961,4205.115,10.5044,10.5292,2.6917,4689,4763,0.193,6499,-0.0147,0.9663,6499,0,1.54,4,0,180129792,25.39,869.05,0.4652,-2.8973,0.3951,6499,64.24,1
2026-05-01T23:05:52,50110,46981,3129,15.0099,0,46981,16689.8678,15647.7086,1042.1592,11.6342,11.6666,0.8001,4288,4360,0.0585,5011,-0.0152,0.9627,5011,0,1.41,3,0,180572160,27.93,608.4,0.6127,0.0093,1.0784,5011,25.4,1
2026-05-01T23:05:55,64220,52441,11779,4.4517,0,52441,21397.851,17473.1346,3924.7164,10.5077,10.5398,2.6792,4670,4762,0.1923,6422,-0.0182,0.9636,6422,0,1.54,3,0,181157888,25.17,642.21,0.4725,-34.7651,0.9339,6422,35.16,1
2026-05-01T23:05:58,39840,37303,2537,14.6978,0,37303,13273.6179,12428.3576,845.2603,11.2286,11.2516,0.9373,3391,3433,0.0703,3984,-0.0109,0.962,3984,0,1.18,5,0,181596160,30.27,1411.98,0.6722,-25.4066,1.2362,3984,18.69,1
2026-05-01T23:06:01,0,0,0,0.0,0,0,0.0,0.0,0.0,0.0,0.0,0.0,0,0,0.0,0,1.0,0.0,0,0,0.08,6,0,181604352,0.0,0.0,0.0,0.0,0.0,0,0.58,1
2026-05-01T23:06:04,0,0,0,0.0,0,0,0.0,0.0,0.0,0.0,0.0,0.0,0,0,0.0,0,1.0,0.0,0,0,0.02,3,0,181604352,0.0,0.0,0.0,0.0,0.0,0,0.03,1
