timestamp,arp_total,arp_request_count,arp_reply_count,req_reply_ratio,gratuitous_arp_count,broadcast_count,packet_rate,request_rate,reply_rate,src_ip_entropy,src_mac_entropy,target_ip_entropy,unique_src_ip_count,unique_src_mac_count,top1_ip_share,digest_sample_count,ip_mac_consistency_score,new_ip_ratio,label
2026-03-06T02:23:58,0,0,0,0.0,0,0,0.0,0.0,0.0,0.0,0.0,0.0,0,0,0.0,0,0,0.0,0
2026-03-06T02:24:01,0,0,0,0.0,0,0,0.0,0.0,0.0,0.0,0.0,0.0,0,0,0.0,0,0,0.0,0
2026-03-06T02:24:04,0,0,0,0.0,0,0,0.0,0.0,0.0,0.0,0.0,0.0,0,0,0.0,0,0,0.0,0
2026-03-06T02:31:12,35850,35850,0,35850.0,0,35850,11545.0692,11545.0692,0.0,-0.0,-0.0,-0.0,1,1,1.0,3585,0,1.0,0
2026-03-06T02:31:15,57780,57780,0,57780.0,0,57780,17985.4284,17985.4284,0.0,-0.0,-0.0,-0.0,1,1,1.0,5778,0,0.0,0
2026-03-06T02:31:18,68110,68110,0,68110.0,0,68110,21887.3418,21887.3418,0.0,-0.0,-0.0,-0.0,1,1,1.0,6811,0,0.0,0
2026-03-06T02:31:21,58520,58520,0,58520.0,0,58520,18580.6405,18580.6405,0.0,-0.0,-0.0,-0.0,1,1,1.0,5852,0,0.0,0
2026-03-06T02:31:25,59280,59280,0,59280.0,0,59280,19340.6885,19340.6885,0.0,-0.0,-0.0,-0.0,1,1,1.0,5928,0,0.0,0
2026-03-06T02:31:28,58620,58620,0,58620.0,0,58620,18259.0524,18259.0524,0.0,-0.0,-0.0,-0.0,1,1,1.0,5862,0,0.0,0
2026-03-06T02:31:31,60690,60690,0,60690.0,0,60690,19325.6213,19325.6213,0.0,-0.0,-0.0,-0.0,1,1,1.0,6069,0,0.0,0
2026-03-06T02:31:33,41250,41250,0,41250.0,0,41250,21963.0575,21963.0575,0.0,-0.0,-0.0,-0.0,1,1,1.0,4125,0,0.0,0
2026-03-06T02:38:51,45810,45810,0,45810.0,0,45810,14609.3782,14609.3782,0.0,-0.0,-0.0,-0.0,1,1,1.0,4581,0,1.0,0
2026-03-06T02:38:55,55060,55060,0,55060.0,0,55060,16966.156,16966.156,0.0,-0.0,-0.0,-0.0,1,1,1.0,5506,0,0.0,0
2026-03-06T02:38:58,56790,56790,0,56790.0,0,56790,18231.3726,18231.3726,0.0,-0.0,-0.0,-0.0,1,1,1.0,5679,0,0.0,0
2026-03-06T02:39:01,63440,63440,0,63440.0,0,63440,20125.9813,20125.9813,0.0,-0.0,-0.0,-0.0,1,1,1.0,6344,0,0.0,0
2026-03-06T02:39:04,77500,77500,0,77500.0,0,77500,24185.903,24185.903,0.0,-0.0,-0.0,-0.0,1,1,1.0,7750,0,0.0,0
2026-03-06T02:39:07,68860,68860,0,68860.0,0,68860,22184.8571,22184.8571,0.0,-0.0,-0.0,-0.0,1,1,1.0,6886,0,0.0,0
2026-03-06T02:39:11,60740,60740,0,60740.0,0,60740,18835.7453,18835.7453,0.0,-0.0,-0.0,-0.0,1,1,1.0,6074,0,0.0,0
2026-03-06T02:39:14,45130,45130,0,45130.0,0,45130,14308.615,14308.615,0.0,-0.0,-0.0,-0.0,1,1,1.0,4513,0,0.0,0
2026-03-06T02:39:17,55380,55380,0,55380.0,0,55380,17395.3626,17395.3626,0.0,-0.0,-0.0,-0.0,1,1,1.0,5538,0,0.0,0
2026-03-06T02:39:21,42110,42110,0,42110.0,0,42110,12074.3276,12074.3276,0.0,-0.0,-0.0,-0.0,1,1,1.0,4211,0,0.0,0
2026-03-06T02:39:24,49800,49800,0,49800.0,0,49800,14975.0413,14975.0413,0.0,-0.0,-0.0,-0.0,1,1,1.0,4980,0,0.0,0
2026-03-06T02:39:28,41970,41970,0,41970.0,0,41970,12503.1688,12503.1688,0.0,-0.0,-0.0,-0.0,1,1,1.0,4197,0,0.0,0
2026-03-06T02:39:31,70500,70500,0,70500.0,0,70500,23190.2878,23190.2878,0.0,-0.0,-0.0,-0.0,1,1,1.0,7050,0,0.0,0
2026-03-06T02:40:47,27710,27710,0,27710.0,0,27710,8634.1186,8634.1186,0.0,-0.0,-0.0,-0.0,1,1,1.0,2771,0,1.0,0
2026-03-06T02:40:50,60920,60920,0,60920.0,0,60920,19424.841,19424.841,0.0,-0.0,-0.0,-0.0,1,1,1.0,6092,0,0.0,0
2026-03-06T02:40:53,66020,66020,0,66020.0,0,66020,21235.6273,21235.6273,0.0,-0.0,-0.0,-0.0,1,1,1.0,6602,0,0.0,0
2026-03-06T02:40:56,66970,66970,0,66970.0,0,66970,21421.2871,21421.2871,0.0,-0.0,-0.0,-0.0,1,1,1.0,6697,0,0.0,0
2026-03-06T02:40:59,48930,48930,0,48930.0,0,48930,20008.0309,20008.0309,0.0,-0.0,-0.0,-0.0,1,1,1.0,4893,0,0.0,0
2026-03-06T03:04:16,0,0,0,0.0,0,0,0.0,0.0,0.0,0.0,0.0,0.0,0,0,0.0,0,0,0.0,0
2026-03-06T03:04:19,0,0,0,0.0,0,0,0.0,0.0,0.0,0.0,0.0,0.0,0,0,0.0,0,0,0.0,0
2026-03-06T03:04:23,12230,7884,4346,1.8137,0,7884,3563.915,2297.4576,1266.4575,0.9438,0.9438,0.9438,2,2,0.6386,1223,0,1.0,0
2026-03-06T03:04:26,95160,60008,35152,1.7071,0,60008,30842.7084,19449.4456,11393.2628,0.955,0.955,0.955,2,2,0.6242,9516,0,0.0,0
2026-03-06T03:04:29,88780,54308,34472,1.5754,0,54308,28663.5353,17533.8959,11129.6394,0.9681,0.9681,0.9681,2,2,0.6048,8878,0,0.0,0
2026-03-06T03:04:32,96950,57752,39198,1.4733,0,57752,31397.0556,18702.8649,12694.1907,0.9808,0.9808,0.9808,2,2,0.5813,9695,0,0.0,0
2026-03-06T03:04:36,82630,48024,34606,1.3877,0,48024,26705.8508,15521.2608,11184.59,0.9797,0.9797,0.9797,2,2,0.5837,8263,0,0.0,0
2026-03-06T03:04:39,92210,52879,39331,1.3444,0,52879,29820.9074,17101.1795,12719.7279,0.9828,0.9828,0.9828,2,2,0.5769,9221,0,0.0,0
2026-03-06T03:04:42,88600,48923,39677,1.233,0,48923,28424.8447,15695.5833,12729.2615,0.9881,0.9881,0.9881,2,2,0.5641,8860,0,0.0,0
2026-03-06T03:04:45,53860,28835,25025,1.1522,0,28835,17032.1993,9118.5196,7913.6797,0.9957,0.9957,0.9957,2,2,0.5388,5386,0,0.0,0
2026-03-06T03:04:49,58100,30142,27958,1.0781,0,30142,17129.8865,8886.9025,8242.9839,1.0,1.0,1.0,2,2,0.5041,5810,0,0.0,0
2026-03-06T03:04:52,41870,21013,20857,1.0074,0,21013,12929.4243,6488.7985,6440.6258,1.0,1.0,1.0,2,2,0.5011,4187,0,0.0,0
2026-03-06T03:04:55,60170,28868,31302,0.9222,0,28868,18888.028,9061.9842,9826.0437,0.9989,0.9989,0.9989,2,2,0.5192,6017,0,0.0,0
2026-03-06T03:04:58,44660,21221,23439,0.9053,0,21221,14052.4766,6677.2863,7375.1903,0.9976,0.9976,0.9976,2,2,0.5291,4466,0,0.0,0
2026-03-06T03:05:02,46890,22453,24437,0.9188,0,22450,15120.8889,7240.5485,7880.3404,0.9993,0.9993,0.9993,2,2,0.5155,4689,0,0.0,0
2026-03-06T03:05:05,65150,31093,34057,0.9129,0,31092,20788.1472,9921.1951,10866.9521,0.9993,0.9993,0.9993,2,2,0.5157,6515,0,0.0,0
2026-03-06T03:05:05,6770,3251,3519,0.9236,0,3251,11356.1811,5453.3153,5902.8658,0.9974,0.9974,0.9974,2,2,0.5303,677,0,0.0,0
2026-03-06T03:12:05,29250,13889,15361,0.9041,0,13889,9055.7589,4300.0149,4755.744,0.9969,0.9969,0.9969,2,2,0.5326,2925,0,1.0,0
2026-03-06T03:12:08,76580,35703,40877,0.8734,0,35703,23796.1507,11094.2018,12701.949,0.9948,0.9948,0.9948,2,2,0.5426,7658,0,0.0,0
2026-03-06T03:12:11,49720,22848,26872,0.8502,0,22848,15594.6544,7166.2644,8428.3901,0.9939,0.9939,0.9939,2,2,0.5459,4972,0,0.0,0
2026-03-06T03:12:14,60300,27616,32684,0.8449,0,27616,18712.9451,8570.0944,10142.8507,0.9963,0.9963,0.9963,3,3,0.5448,6030,0,0.3333,0
2026-03-06T03:12:18,52320,23985,28335,0.8464,0,23983,16401.2843,7518.8227,8882.4616,0.9986,0.9986,0.9986,2,2,0.5224,5232,0,0.0,0
2026-03-06T03:12:21,59640,27230,32410,0.8401,0,27226,18615.5524,8499.3543,10116.1981,0.9952,0.9952,0.9952,2,2,0.5409,5964,0,0.0,0
2026-03-06T03:12:24,77800,34753,43047,0.8073,0,34735,24820.6397,11087.2968,13733.3429,0.9961,0.9961,0.9928,3,3,0.5495,7780,0,0.3333,0
2026-03-06T03:12:27,91080,40750,50330,0.8096,0,40721,29394.2599,13151.2527,16243.0073,0.9981,0.9981,0.9938,4,4,0.5461,9108,0,0.25,0
2026-03-06T03:12:30,83910,37723,46187,0.8167,0,37721,27272.0829,12260.5742,15011.5087,0.9917,0.9917,0.9917,2,2,0.5535,8391,0,0.0,0
2026-03-06T03:12:34,81560,36705,44855,0.8183,0,36705,24509.4217,11030.1413,13479.2804,0.9939,0.9939,0.9939,3,3,0.5519,8156,0,0.3333,0
2026-03-06T03:12:37,67010,30027,36983,0.8119,0,30027,21593.7543,9676.103,11917.6513,0.9945,0.9945,0.9945,2,2,0.5437,6701,0,0.0,0
2026-03-06T03:12:40,57770,25196,32574,0.7735,0,25196,18832.2796,8213.5731,10618.7065,0.9892,0.9892,0.9892,3,3,0.5671,5777,0,0.3333,0
2026-03-06T03:12:43,65490,28609,36881,0.7757,0,28608,21267.7717,9290.7265,11977.0452,0.9867,0.9867,0.9867,2,2,0.5677,6549,0,0.0,0
2026-03-06T03:12:46,49310,21308,28002,0.7609,0,21307,15721.3855,6793.577,8927.8085,0.9899,0.9899,0.9899,3,3,0.566,4931,0,0.3333,0
2026-03-06T03:12:50,49660,21279,28381,0.7497,0,21278,15717.0239,6734.6466,8982.3773,0.9864,0.9864,0.9864,2,2,0.5685,4966,0,0.0,0
2026-03-06T03:12:53,45880,18404,27476,0.6698,0,18402,14052.0567,5636.7491,8415.3075,0.9687,0.9687,0.9687,2,2,0.6037,4588,0,0.0,0
2026-03-06T03:12:56,48060,19472,28588,0.6811,0,19472,15156.6298,6140.8634,9015.7664,0.9778,0.9778,0.9778,3,3,0.603,4806,0,0.3333,0
2026-03-06T03:13:00,52740,21144,31596,0.6692,0,21144,15628.7103,6265.7082,9363.0021,0.9714,0.9714,0.9714,3,3,0.6064,5274,0,0.0,0
2026-03-06T03:13:03,36320,14569,21751,0.6698,0,14569,11225.5681,4502.8993,6722.6688,0.9828,0.9828,0.9828,2,2,0.5771,3632,0,0.0,0
2026-03-06T03:13:06,49450,20142,29308,0.6872,0,20142,15379.1405,6264.2396,9114.9009,0.9722,0.9722,0.9722,2,2,0.5978,4945,0,0.0,0
2026-03-06T03:13:10,40280,16309,23971,0.6803,0,16309,11929.3717,4830.0924,7099.2793,0.9751,0.9751,0.9751,3,3,0.5981,4028,0,0.3333,0
2026-03-06T03:13:13,49360,19786,29574,0.669,0,19785,15382.2435,6165.986,9216.2575,0.9712,0.9712,0.9712,3,3,0.6072,4936,0,0.0,0
2026-03-06T03:13:16,52000,21514,30486,0.7057,0,21512,15728.3118,6507.2865,9221.0253,0.9916,0.9916,0.9916,3,3,0.586,5200,0,0.0,0
2026-03-06T03:13:19,62510,25099,37411,0.6709,0,25099,19723.7254,7919.4654,11804.26,0.9829,0.9829,0.9829,4,4,0.5951,6251,0,0.25,0
2026-03-06T03:13:23,46720,18917,27803,0.6804,0,18917,14858.7616,6016.3355,8842.4261,0.9741,0.9741,0.9741,2,2,0.5944,4672,0,0.0,0
2026-03-06T03:13:26,45230,18941,26289,0.7205,0,18939,14004.1068,5864.51,8139.5968,0.9909,0.9909,0.9909,4,4,0.5762,4523,0,0.5,0
2026-03-06T03:13:29,53010,21821,31189,0.6996,0,21812,15858.4016,6527.9415,9330.46,0.9827,0.9827,0.9827,4,4,0.5871,5301,0,0.0,0
2026-03-06T03:13:32,72090,29166,42924,0.6795,0,29156,23192.6978,9383.2463,13809.4515,0.9751,0.9751,0.9751,4,4,0.5991,7209,0,0.25,0
2026-03-06T03:13:36,61650,23866,37784,0.6316,0,23849,19438.8203,7525.1725,11913.6478,0.9645,0.9645,0.9645,3,3,0.6136,6165,0,0.0,0
2026-03-06T03:13:39,51330,19838,31492,0.6299,0,19838,16152.1065,6242.4603,9909.6462,0.975,0.975,0.9757,3,3,0.6094,5133,0,0.0,0
2026-03-06T03:13:42,35540,13363,22177,0.6025,0,13362,10998.7362,4135.5124,6863.2238,0.9781,0.9781,0.9796,3,3,0.6137,3554,0,0.0,0
2026-03-06T03:13:45,46320,16939,29381,0.5765,0,16938,14711.2307,5379.8259,9331.4048,0.9616,0.9616,0.9629,3,3,0.6341,4632,0,0.0,0
2026-03-06T03:13:49,39130,13949,25181,0.5539,0,13949,11987.1208,4273.1497,7713.9711,0.9707,0.9707,0.9725,4,4,0.634,3913,0,0.25,0
2026-03-06T03:13:49,5050,1768,3282,0.5385,0,1768,14093.2195,4934.0222,9159.1973,0.9273,0.9273,0.9273,2,2,0.6574,505,0,0.0,0
2026-03-06T03:14:31,0,0,0,0.0,0,0,0.0,0.0,0.0,0.0,0.0,0.0,0,0,0.0,0,0,0.0,1
2026-03-06T03:14:34,0,0,0,0.0,0,0,0.0,0.0,0.0,0.0,0.0,0.0,0,0,0.0,0,0,0.0,1
2026-03-06T03:14:37,0,0,0,0.0,0,0,0.0,0.0,0.0,0.0,0.0,0.0,0,0,0.0,0,0,0.0,1
2026-03-06T03:14:40,0,0,0,0.0,0,0,0.0,0.0,0.0,0.0,0.0,0.0,0,0,0.0,0,0,0.0,1
2026-03-06T03:14:43,0,0,0,0.0,0,0,0.0,0.0,0.0,0.0,0.0,0.0,0,0,0.0,0,0,0.0,1
2026-03-06T03:14:46,0,0,0,0.0,0,0,0.0,0.0,0.0,0.0,0.0,0.0,0,0,0.0,0,0,0.0,1
2026-03-06T03:14:49,49920,49920,0,49920.0,0,49920,15908.9844,15908.9844,0.0,-0.0,-0.0,-0.0,1,1,1.0,4992,0,1.0,1
2026-03-06T03:14:52,79080,79080,0,79080.0,0,79080,24871.9687,24871.9687,0.0,-0.0,-0.0,-0.0,1,1,1.0,7908,0,0.0,1
2026-03-06T03:14:55,79370,79370,0,79370.0,0,79370,25782.1423,25782.1423,0.0,-0.0,-0.0,-0.0,1,1,1.0,7937,0,0.0,1
2026-03-06T03:14:59,61070,61070,0,61070.0,0,61070,18673.9635,18673.9635,0.0,-0.0,-0.0,-0.0,1,1,1.0,6107,0,0.0,1
2026-03-06T03:15:02,84260,84260,0,84260.0,0,84260,28212.6007,28212.6007,0.0,-0.0,-0.0,-0.0,1,1,1.0,8426,0,0.0,1
2026-03-06T03:25:40,27940,27940,0,27940.0,0,27940,8239.4393,8239.4393,0.0,-0.0,-0.0,-0.0,1,1,1.0,2794,0,1.0,1
2026-03-06T03:25:43,77070,77070,0,77070.0,0,77070,24126.0054,24126.0054,0.0,-0.0,-0.0,-0.0,1,1,1.0,7707,0,0.0,1
2026-03-06T03:25:46,73730,73730,0,73730.0,0,73730,23442.1983,23442.1983,0.0,-0.0,-0.0,-0.0,1,1,1.0,7373,0,0.0,1
2026-03-06T03:25:49,73830,73830,0,73830.0,0,73830,23192.0183,23192.0183,0.0,-0.0,-0.0,-0.0,1,1,1.0,7383,0,0.0,1
2026-03-06T03:25:53,64070,64070,0,64070.0,0,64070,20477.4984,20477.4984,0.0,-0.0,-0.0,-0.0,1,1,1.0,6407,0,0.0,1
2026-03-06T03:25:56,75620,75620,0,75620.0,0,75620,24422.4413,24422.4413,0.0,-0.0,-0.0,-0.0,1,1,1.0,7562,0,0.0,1
2026-03-06T03:25:59,64770,64770,0,64770.0,0,64770,20470.0527,20470.0527,0.0,-0.0,-0.0,-0.0,1,1,1.0,6477,0,0.0,1
2026-03-06T03:26:00,14170,14170,0,14170.0,0,14170,16756.1248,16756.1248,0.0,-0.0,-0.0,-0.0,1,1,1.0,1417,0,0.0,1
2026-03-06T03:49:13,0,0,0,0.0,0,0,0.0,0.0,0.0,0.0,0.0,0.0,0,0,0.0,0,0,0.0,1
2026-03-06T03:49:16,18150,12879,5271,2.4429,0,12879,5882.7852,4174.3466,1708.4386,0.8541,0.8541,0.8438,3,3,0.7284,1815,0,1.0,1
2026-03-06T03:49:19,86650,60888,25762,2.3634,0,60888,27597.791,19392.6636,8205.1274,0.8759,0.8759,0.8777,4,4,0.7077,8665,0,0.25,1
2026-03-06T03:49:22,74050,50122,23928,2.0946,0,50120,24247.2327,16412.1512,7835.0815,0.901,0.901,0.9045,2,2,0.6831,7405,0,0.0,1
2026-03-06T03:49:26,85410,55106,30304,1.8184,0,55094,27596.0524,17804.8011,9791.2513,0.9452,0.9452,0.9443,4,4,0.6449,8541,0,0.5,1
2026-03-06T03:49:29,93420,57329,36091,1.5884,0,57317,30886.2148,18953.9265,11932.2884,0.9676,0.9676,0.9623,3,3,0.6188,9342,0,0.0,1
2026-03-06T03:49:29,3170,1866,1304,1.4299,0,1866,25316.5413,14902.4183,10414.123,0.9713,0.9713,0.9713,2,2,0.5994,317,0,0.0,1
2026-03-06T12:02:47,0,0,0,0.0,0,0,0.0,0.0,0.0,0.0,0.0,0.0,0,0,0.0,0,0,0.0,1
2026-03-06T12:02:50,0,0,0,0.0,0,0,0.0,0.0,0.0,0.0,0.0,0.0,0,0,0.0,0,0,0.0,1
2026-03-06T12:02:53,0,0,0,0.0,0,0,0.0,0.0,0.0,0.0,0.0,0.0,0,0,0.0,0,0,0.0,1
2026-03-06T12:02:56,5960,4278,1682,2.5419,0,4278,1973.8345,1416.7893,557.0452,0.8603,0.8603,0.8773,2,2,0.7164,596,0,1.0,1
2026-03-06T12:02:59,79740,55586,24154,2.3012,0,55586,24264.4112,16914.4916,7349.9196,0.8974,0.8974,0.9181,3,3,0.69,7974,0,0.3333,1
2026-03-06T12:03:02,57380,38542,18838,2.0459,0,38542,18628.6521,12512.8182,6115.8339,0.9261,0.9261,0.9277,3,3,0.6731,5738,0,0.0,1
2026-03-06T12:03:05,81010,51611,29399,1.7555,0,51604,25671.371,16355.0812,9316.2898,0.9528,0.9528,0.9581,3,3,0.6409,8101,0,0.0,1
2026-03-06T12:03:09,67840,40650,27190,1.495,0,40646,21863.391,13100.6316,8762.7595,0.9898,0.9898,0.9896,4,4,0.601,6784,0,0.25,1
2026-03-06T12:03:12,90090,52341,37749,1.3865,0,52341,28945.1508,16816.7181,12128.4326,1.0063,1.0063,0.995,3,3,0.5818,9009,0,0.0,1
2026-03-06T12:03:15,75080,42696,32384,1.3184,0,42696,24518.8751,13943.2325,10575.6427,1.0204,1.0204,0.9959,3,3,0.5697,7508,0,0.0,1
2026-03-06T12:03:18,82240,43978,38262,1.1494,0,43978,26531.145,14187.5814,12343.5636,1.0194,1.0194,1.006,3,3,0.5385,8224,0,0.0,1
2026-03-06T12:03:20,49190,25809,23381,1.1038,0,25809,25089.9309,13164.1803,11925.7507,1.0248,1.0248,1.003,3,3,0.5249,4919,0,0.0,1
2026-03-06T16:29:17,0,0,0,0.0,0,0,0.0,0.0,0.0,0.0,0.0,0.0,0,0,0.0,0,0,0.0,1
2026-03-06T16:29:20,0,0,0,0.0,0,0,0.0,0.0,0.0,0.0,0.0,0.0,0,0,0.0,0,0,0.0,1
2026-03-06T16:29:24,29230,28661,569,50.2825,0,28661,8702.4154,8533.0115,169.4038,0.145,0.145,0.1637,3,3,0.9798,2923,0,1.0,1
2026-03-06T16:29:27,86890,85344,1546,55.1674,0,85344,27856.6593,27361.0166,495.6427,0.1335,0.1335,0.1487,3,3,0.9819,8689,0,0.0,1
2026-03-06T16:29:30,90940,89471,1469,60.8646,0,89467,29555.3231,29077.901,477.4221,0.1213,0.1213,0.1504,2,2,0.9835,9094,0,0.0,1
2026-03-06T16:29:33,87840,86274,1566,55.0568,0,86272,28476.3604,27968.6876,507.6728,0.1304,0.1304,0.1468,3,3,0.9822,8784,0,0.3333,1
2026-03-06T16:29:37,73950,72617,1333,54.4355,0,72617,23794.0018,23365.0984,428.9034,0.1339,0.1339,0.1549,2,2,0.9813,7395,0,0.0,1
2026-03-06T16:29:40,73700,72455,1245,58.1501,0,72455,23674.6131,23274.6824,399.9307,0.1288,0.1288,0.1436,2,2,0.9822,7370,0,0.0,1
2026-03-06T16:29:43,40590,39922,668,59.6741,0,39922,13409.6142,13188.9288,220.6854,0.1213,0.1213,0.144,2,2,0.9835,4059,0,0.0,1
2026-03-06T16:29:46,0,0,0,0.0,0,0,0.0,0.0,0.0,0.0,0.0,0.0,0,0,0.0,0,0,0.0,1
2026-03-06T16:29:49,0,0,0,0.0,0,0,0.0,0.0,0.0,0.0,0.0,0.0,0,0,0.0,0,0,0.0,1
2026-03-06T16:29:52,0,0,0,0.0,0,0,0.0,0.0,0.0,0.0,0.0,0.0,0,0,0.0,0,0,0.0,1
2026-03-06T16:29:55,0,0,0,0.0,0,0,0.0,0.0,0.0,0.0,0.0,0.0,0,0,0.0,0,0,0.0,1
2026-03-06T16:29:58,0,0,0,0.0,0,0,0.0,0.0,0.0,0.0,0.0,0.0,0,0,0.0,0,0,0.0,1
2026-03-06T16:30:01,0,0,0,0.0,0,0,0.0,0.0,0.0,0.0,0.0,0.0,0,0,0.0,0,0,0.0,1
2026-03-06T16:30:04,0,0,0,0.0,0,0,0.0,0.0,0.0,0.0,0.0,0.0,0,0,0.0,0,0,0.0,1
2026-03-06T16:30:07,0,0,0,0.0,0,0,0.0,0.0,0.0,0.0,0.0,0.0,0,0,0.0,0,0,0.0,1
2026-03-06T16:30:10,0,0,0,0.0,0,0,0.0,0.0,0.0,0.0,0.0,0.0,0,0,0.0,0,0,0.0,1
2026-03-06T16:30:13,0,0,0,0.0,0,0,0.0,0.0,0.0,0.0,0.0,0.0,0,0,0.0,0,0,0.0,1
2026-03-06T16:30:16,0,0,0,0.0,0,0,0.0,0.0,0.0,0.0,0.0,0.0,0,0,0.0,0,0,0.0,1
2026-03-06T16:30:19,0,0,0,0.0,0,0,0.0,0.0,0.0,0.0,0.0,0.0,0,0,0.0,0,0,0.0,1
2026-03-06T16:30:22,0,0,0,0.0,0,0,0.0,0.0,0.0,0.0,0.0,0.0,0,0,0.0,0,0,0.0,1
2026-03-06T16:30:25,0,0,0,0.0,0,0,0.0,0.0,0.0,0.0,0.0,0.0,0,0,0.0,0,0,0.0,1
2026-03-06T16:30:28,0,0,0,0.0,0,0,0.0,0.0,0.0,0.0,0.0,0.0,0,0,0.0,0,0,0.0,1
2026-03-06T16:30:31,0,0,0,0.0,0,0,0.0,0.0,0.0,0.0,0.0,0.0,0,0,0.0,0,0,0.0,1
2026-03-06T16:30:34,0,0,0,0.0,0,0,0.0,0.0,0.0,0.0,0.0,0.0,0,0,0.0,0,0,0.0,1
2026-03-06T16:30:37,0,0,0,0.0,0,0,0.0,0.0,0.0,0.0,0.0,0.0,0,0,0.0,0,0,0.0,1
2026-03-06T16:30:40,0,0,0,0.0,0,0,0.0,0.0,0.0,0.0,0.0,0.0,0,0,0.0,0,0,0.0,1
2026-03-06T16:30:43,0,0,0,0.0,0,0,0.0,0.0,0.0,0.0,0.0,0.0,0,0,0.0,0,0,0.0,1
2026-03-06T16:30:46,0,0,0,0.0,0,0,0.0,0.0,0.0,0.0,0.0,0.0,0,0,0.0,0,0,0.0,1
2026-03-06T16:30:49,0,0,0,0.0,0,0,0.0,0.0,0.0,0.0,0.0,0.0,0,0,0.0,0,0,0.0,1
2026-03-06T16:30:52,0,0,0,0.0,0,0,0.0,0.0,0.0,0.0,0.0,0.0,0,0,0.0,0,0,0.0,1
2026-03-06T16:30:55,0,0,0,0.0,0,0,0.0,0.0,0.0,0.0,0.0,0.0,0,0,0.0,0,0,0.0,1
2026-03-06T16:30:58,0,0,0,0.0,0,0,0.0,0.0,0.0,0.0,0.0,0.0,0,0,0.0,0,0,0.0,1
2026-03-06T16:31:01,0,0,0,0.0,0,0,0.0,0.0,0.0,0.0,0.0,0.0,0,0,0.0,0,0,0.0,1
2026-03-06T16:31:04,0,0,0,0.0,0,0,0.0,0.0,0.0,0.0,0.0,0.0,0,0,0.0,0,0,0.0,1
2026-03-06T16:31:07,0,0,0,0.0,0,0,0.0,0.0,0.0,0.0,0.0,0.0,0,0,0.0,0,0,0.0,1
2026-03-06T16:31:10,0,0,0,0.0,0,0,0.0,0.0,0.0,0.0,0.0,0.0,0,0,0.0,0,0,0.0,1
2026-03-06T16:31:13,0,0,0,0.0,0,0,0.0,0.0,0.0,0.0,0.0,0.0,0,0,0.0,0,0,0.0,1
2026-03-06T16:31:16,0,0,0,0.0,0,0,0.0,0.0,0.0,0.0,0.0,0.0,0,0,0.0,0,0,0.0,1
2026-03-06T16:31:19,0,0,0,0.0,0,0,0.0,0.0,0.0,0.0,0.0,0.0,0,0,0.0,0,0,0.0,1
2026-03-06T16:31:22,0,0,0,0.0,0,0,0.0,0.0,0.0,0.0,0.0,0.0,0,0,0.0,0,0,0.0,1
2026-03-06T16:31:25,0,0,0,0.0,0,0,0.0,0.0,0.0,0.0,0.0,0.0,0,0,0.0,0,0,0.0,1
2026-03-06T16:31:28,0,0,0,0.0,0,0,0.0,0.0,0.0,0.0,0.0,0.0,0,0,0.0,0,0,0.0,1
2026-03-06T16:31:31,0,0,0,0.0,0,0,0.0,0.0,0.0,0.0,0.0,0.0,0,0,0.0,0,0,0.0,1
2026-03-06T16:31:34,0,0,0,0.0,0,0,0.0,0.0,0.0,0.0,0.0,0.0,0,0,0.0,0,0,0.0,1
2026-03-06T16:31:37,0,0,0,0.0,0,0,0.0,0.0,0.0,0.0,0.0,0.0,0,0,0.0,0,0,0.0,1
2026-03-06T16:31:40,0,0,0,0.0,0,0,0.0,0.0,0.0,0.0,0.0,0.0,0,0,0.0,0,0,0.0,1
2026-03-06T16:31:43,0,0,0,0.0,0,0,0.0,0.0,0.0,0.0,0.0,0.0,0,0,0.0,0,0,0.0,1
2026-03-06T16:31:46,0,0,0,0.0,0,0,0.0,0.0,0.0,0.0,0.0,0.0,0,0,0.0,0,0,0.0,1
2026-03-06T16:31:49,0,0,0,0.0,0,0,0.0,0.0,0.0,0.0,0.0,0.0,0,0,0.0,0,0,0.0,1
2026-03-06T16:31:52,0,0,0,0.0,0,0,0.0,0.0,0.0,0.0,0.0,0.0,0,0,0.0,0,0,0.0,1
2026-03-06T16:31:55,0,0,0,0.0,0,0,0.0,0.0,0.0,0.0,0.0,0.0,0,0,0.0,0,0,0.0,1
2026-03-06T16:31:58,0,0,0,0.0,0,0,0.0,0.0,0.0,0.0,0.0,0.0,0,0,0.0,0,0,0.0,1
2026-03-06T16:32:01,0,0,0,0.0,0,0,0.0,0.0,0.0,0.0,0.0,0.0,0,0,0.0,0,0,0.0,1
2026-03-06T16:32:04,0,0,0,0.0,0,0,0.0,0.0,0.0,0.0,0.0,0.0,0,0,0.0,0,0,0.0,1
2026-03-06T16:32:07,0,0,0,0.0,0,0,0.0,0.0,0.0,0.0,0.0,0.0,0,0,0.0,0,0,0.0,1
2026-03-06T16:32:10,0,0,0,0.0,0,0,0.0,0.0,0.0,0.0,0.0,0.0,0,0,0.0,0,0,0.0,1
2026-03-06T16:32:13,0,0,0,0.0,0,0,0.0,0.0,0.0,0.0,0.0,0.0,0,0,0.0,0,0,0.0,1
2026-03-06T16:32:16,0,0,0,0.0,0,0,0.0,0.0,0.0,0.0,0.0,0.0,0,0,0.0,0,0,0.0,1
2026-03-06T16:32:19,0,0,0,0.0,0,0,0.0,0.0,0.0,0.0,0.0,0.0,0,0,0.0,0,0,0.0,1
2026-03-06T16:32:22,0,0,0,0.0,0,0,0.0,0.0,0.0,0.0,0.0,0.0,0,0,0.0,0,0,0.0,1
2026-03-06T16:32:25,0,0,0,0.0,0,0,0.0,0.0,0.0,0.0,0.0,0.0,0,0,0.0,0,0,0.0,1
2026-03-06T16:32:28,0,0,0,0.0,0,0,0.0,0.0,0.0,0.0,0.0,0.0,0,0,0.0,0,0,0.0,1
2026-03-06T16:32:31,0,0,0,0.0,0,0,0.0,0.0,0.0,0.0,0.0,0.0,0,0,0.0,0,0,0.0,1
2026-03-06T16:32:34,0,0,0,0.0,0,0,0.0,0.0,0.0,0.0,0.0,0.0,0,0,0.0,0,0,0.0,1
2026-03-06T16:32:37,0,0,0,0.0,0,0,0.0,0.0,0.0,0.0,0.0,0.0,0,0,0.0,0,0,0.0,1
2026-03-06T16:32:40,0,0,0,0.0,0,0,0.0,0.0,0.0,0.0,0.0,0.0,0,0,0.0,0,0,0.0,1
2026-03-06T16:32:43,0,0,0,0.0,0,0,0.0,0.0,0.0,0.0,0.0,0.0,0,0,0.0,0,0,0.0,1
2026-03-06T16:32:46,0,0,0,0.0,0,0,0.0,0.0,0.0,0.0,0.0,0.0,0,0,0.0,0,0,0.0,1
2026-03-06T16:32:49,0,0,0,0.0,0,0,0.0,0.0,0.0,0.0,0.0,0.0,0,0,0.0,0,0,0.0,1
2026-03-06T16:32:52,0,0,0,0.0,0,0,0.0,0.0,0.0,0.0,0.0,0.0,0,0,0.0,0,0,0.0,1
2026-03-06T16:32:55,0,0,0,0.0,0,0,0.0,0.0,0.0,0.0,0.0,0.0,0,0,0.0,0,0,0.0,1
2026-03-06T16:33:40,0,0,0,0.0,0,0,0.0,0.0,0.0,0.0,0.0,0.0,0,0,0.0,0,0,0.0,1
2026-03-06T16:33:43,0,0,0,0.0,0,0,0.0,0.0,0.0,0.0,0.0,0.0,0,0,0.0,0,0,0.0,1
2026-03-06T16:33:46,0,0,0,0.0,0,0,0.0,0.0,0.0,0.0,0.0,0.0,0,0,0.0,0,0,0.0,1
2026-03-06T16:33:49,0,0,0,0.0,0,0,0.0,0.0,0.0,0.0,0.0,0.0,0,0,0.0,0,0,0.0,1
2026-03-06T16:33:52,0,0,0,0.0,0,0,0.0,0.0,0.0,0.0,0.0,0.0,0,0,0.0,0,0,0.0,1
2026-03-06T16:33:55,0,0,0,0.0,0,0,0.0,0.0,0.0,0.0,0.0,0.0,0,0,0.0,0,0,0.0,1
2026-03-06T16:33:58,0,0,0,0.0,0,0,0.0,0.0,0.0,0.0,0.0,0.0,0,0,0.0,0,0,0.0,1
2026-03-06T16:34:01,0,0,0,0.0,0,0,0.0,0.0,0.0,0.0,0.0,0.0,0,0,0.0,0,0,0.0,1
2026-03-06T16:34:04,0,0,0,0.0,0,0,0.0,0.0,0.0,0.0,0.0,0.0,0,0,0.0,0,0,0.0,1
2026-03-06T16:34:07,0,0,0,0.0,0,0,0.0,0.0,0.0,0.0,0.0,0.0,0,0,0.0,0,0,0.0,1
2026-03-06T16:34:10,0,0,0,0.0,0,0,0.0,0.0,0.0,0.0,0.0,0.0,0,0,0.0,0,0,0.0,1
2026-03-06T16:34:13,0,0,0,0.0,0,0,0.0,0.0,0.0,0.0,0.0,0.0,0,0,0.0,0,0,0.0,1
2026-03-06T16:34:16,0,0,0,0.0,0,0,0.0,0.0,0.0,0.0,0.0,0.0,0,0,0.0,0,0,0.0,1
2026-03-06T16:34:19,0,0,0,0.0,0,0,0.0,0.0,0.0,0.0,0.0,0.0,0,0,0.0,0,0,0.0,1
2026-03-06T16:34:22,0,0,0,0.0,0,0,0.0,0.0,0.0,0.0,0.0,0.0,0,0,0.0,0,0,0.0,1
2026-03-06T16:34:25,0,0,0,0.0,0,0,0.0,0.0,0.0,0.0,0.0,0.0,0,0,0.0,0,0,0.0,1
2026-03-06T16:34:28,0,0,0,0.0,0,0,0.0,0.0,0.0,0.0,0.0,0.0,0,0,0.0,0,0,0.0,1
2026-03-06T16:34:31,0,0,0,0.0,0,0,0.0,0.0,0.0,0.0,0.0,0.0,0,0,0.0,0,0,0.0,1
2026-03-06T16:34:34,0,0,0,0.0,0,0,0.0,0.0,0.0,0.0,0.0,0.0,0,0,0.0,0,0,0.0,1
2026-03-06T16:34:37,0,0,0,0.0,0,0,0.0,0.0,0.0,0.0,0.0,0.0,0,0,0.0,0,0,0.0,1
2026-03-06T16:34:40,0,0,0,0.0,0,0,0.0,0.0,0.0,0.0,0.0,0.0,0,0,0.0,0,0,0.0,1
2026-03-06T16:34:43,0,0,0,0.0,0,0,0.0,0.0,0.0,0.0,0.0,0.0,0,0,0.0,0,0,0.0,1
2026-03-06T16:34:46,0,0,0,0.0,0,0,0.0,0.0,0.0,0.0,0.0,0.0,0,0,0.0,0,0,0.0,1
2026-03-06T16:34:49,0,0,0,0.0,0,0,0.0,0.0,0.0,0.0,0.0,0.0,0,0,0.0,0,0,0.0,1
2026-03-06T16:34:52,0,0,0,0.0,0,0,0.0,0.0,0.0,0.0,0.0,0.0,0,0,0.0,0,0,0.0,1
2026-03-06T16:34:55,0,0,0,0.0,0,0,0.0,0.0,0.0,0.0,0.0,0.0,0,0,0.0,0,0,0.0,1
2026-03-06T16:34:58,0,0,0,0.0,0,0,0.0,0.0,0.0,0.0,0.0,0.0,0,0,0.0,0,0,0.0,1
2026-03-06T16:35:01,0,0,0,0.0,0,0,0.0,0.0,0.0,0.0,0.0,0.0,0,0,0.0,0,0,0.0,1
2026-03-06T16:35:04,0,0,0,0.0,0,0,0.0,0.0,0.0,0.0,0.0,0.0,0,0,0.0,0,0,0.0,1
2026-03-06T16:35:07,0,0,0,0.0,0,0,0.0,0.0,0.0,0.0,0.0,0.0,0,0,0.0,0,0,0.0,1
2026-03-06T16:35:10,0,0,0,0.0,0,0,0.0,0.0,0.0,0.0,0.0,0.0,0,0,0.0,0,0,0.0,1
2026-03-06T16:35:13,0,0,0,0.0,0,0,0.0,0.0,0.0,0.0,0.0,0.0,0,0,0.0,0,0,0.0,1
2026-03-06T16:35:16,0,0,0,0.0,0,0,0.0,0.0,0.0,0.0,0.0,0.0,0,0,0.0,0,0,0.0,1
2026-03-06T16:35:19,0,0,0,0.0,0,0,0.0,0.0,0.0,0.0,0.0,0.0,0,0,0.0,0,0,0.0,1
2026-03-06T16:35:22,0,0,0,0.0,0,0,0.0,0.0,0.0,0.0,0.0,0.0,0,0,0.0,0,0,0.0,1
2026-03-06T16:35:25,0,0,0,0.0,0,0,0.0,0.0,0.0,0.0,0.0,0.0,0,0,0.0,0,0,0.0,1
2026-03-06T16:35:28,0,0,0,0.0,0,0,0.0,0.0,0.0,0.0,0.0,0.0,0,0,0.0,0,0,0.0,1
2026-03-06T16:35:31,0,0,0,0.0,0,0,0.0,0.0,0.0,0.0,0.0,0.0,0,0,0.0,0,0,0.0,1
2026-03-06T16:35:34,0,0,0,0.0,0,0,0.0,0.0,0.0,0.0,0.0,0.0,0,0,0.0,0,0,0.0,1
2026-03-06T16:35:37,0,0,0,0.0,0,0,0.0,0.0,0.0,0.0,0.0,0.0,0,0,0.0,0,0,0.0,1
2026-03-06T16:38:26,0,0,0,0.0,0,0,0.0,0.0,0.0,0.0,0.0,0.0,0,0,0.0,0,0,0.0,0
2026-03-06T16:38:29,0,0,0,0.0,0,0,0.0,0.0,0.0,0.0,0.0,0.0,0,0,0.0,0,0,0.0,0
2026-03-06T16:38:32,0,0,0,0.0,0,0,0.0,0.0,0.0,0.0,0.0,0.0,0,0,0.0,0,0,0.0,0
2026-03-06T16:38:35,0,0,0,0.0,0,0,0.0,0.0,0.0,0.0,0.0,0.0,0,0,0.0,0,0,0.0,0
2026-03-06T16:38:38,0,0,0,0.0,0,0,0.0,0.0,0.0,0.0,0.0,0.0,0,0,0.0,0,0,0.0,0
2026-03-06T16:38:41,0,0,0,0.0,0,0,0.0,0.0,0.0,0.0,0.0,0.0,0,0,0.0,0,0,0.0,0
2026-03-06T16:38:44,0,0,0,0.0,0,0,0.0,0.0,0.0,0.0,0.0,0.0,0,0,0.0,0,0,0.0,0
2026-03-06T16:38:47,0,0,0,0.0,0,0,0.0,0.0,0.0,0.0,0.0,0.0,0,0,0.0,0,0,0.0,0
2026-03-06T16:38:50,0,0,0,0.0,0,0,0.0,0.0,0.0,0.0,0.0,0.0,0,0,0.0,0,0,0.0,0
2026-03-06T16:38:53,0,0,0,0.0,0,0,0.0,0.0,0.0,0.0,0.0,0.0,0,0,0.0,0,0,0.0,0
2026-03-06T16:38:56,0,0,0,0.0,0,0,0.0,0.0,0.0,0.0,0.0,0.0,0,0,0.0,0,0,0.0,0
2026-03-06T16:38:59,0,0,0,0.0,0,0,0.0,0.0,0.0,0.0,0.0,0.0,0,0,0.0,0,0,0.0,0
2026-03-06T16:39:02,0,0,0,0.0,0,0,0.0,0.0,0.0,0.0,0.0,0.0,0,0,0.0,0,0,0.0,0
2026-03-06T16:39:05,0,0,0,0.0,0,0,0.0,0.0,0.0,0.0,0.0,0.0,0,0,0.0,0,0,0.0,0
2026-03-06T16:39:08,0,0,0,0.0,0,0,0.0,0.0,0.0,0.0,0.0,0.0,0,0,0.0,0,0,0.0,0
2026-03-06T16:39:11,0,0,0,0.0,0,0,0.0,0.0,0.0,0.0,0.0,0.0,0,0,0.0,0,0,0.0,0
2026-03-06T16:39:14,0,0,0,0.0,0,0,0.0,0.0,0.0,0.0,0.0,0.0,0,0,0.0,0,0,0.0,0
2026-03-06T16:39:17,0,0,0,0.0,0,0,0.0,0.0,0.0,0.0,0.0,0.0,0,0,0.0,0,0,0.0,0
2026-03-06T16:39:20,0,0,0,0.0,0,0,0.0,0.0,0.0,0.0,0.0,0.0,0,0,0.0,0,0,0.0,0
2026-03-06T16:39:23,0,0,0,0.0,0,0,0.0,0.0,0.0,0.0,0.0,0.0,0,0,0.0,0,0,0.0,0
2026-03-06T16:39:26,0,0,0,0.0,0,0,0.0,0.0,0.0,0.0,0.0,0.0,0,0,0.0,0,0,0.0,0
2026-03-06T16:39:29,0,0,0,0.0,0,0,0.0,0.0,0.0,0.0,0.0,0.0,0,0,0.0,0,0,0.0,0
2026-03-06T16:39:32,0,0,0,0.0,0,0,0.0,0.0,0.0,0.0,0.0,0.0,0,0,0.0,0,0,0.0,0
2026-03-06T16:39:35,0,0,0,0.0,0,0,0.0,0.0,0.0,0.0,0.0,0.0,0,0,0.0,0,0,0.0,0
2026-03-06T16:39:38,0,0,0,0.0,0,0,0.0,0.0,0.0,0.0,0.0,0.0,0,0,0.0,0,0,0.0,0
2026-03-06T16:39:41,0,0,0,0.0,0,0,0.0,0.0,0.0,0.0,0.0,0.0,0,0,0.0,0,0,0.0,0
2026-03-06T16:39:44,0,0,0,0.0,0,0,0.0,0.0,0.0,0.0,0.0,0.0,0,0,0.0,0,0,0.0,0
2026-03-06T16:39:47,0,0,0,0.0,0,0,0.0,0.0,0.0,0.0,0.0,0.0,0,0,0.0,0,0,0.0,0
2026-03-06T16:39:50,0,0,0,0.0,0,0,0.0,0.0,0.0,0.0,0.0,0.0,0,0,0.0,0,0,0.0,0
2026-03-06T16:39:53,0,0,0,0.0,0,0,0.0,0.0,0.0,0.0,0.0,0.0,0,0,0.0,0,0,0.0,0
2026-03-06T16:39:56,0,0,0,0.0,0,0,0.0,0.0,0.0,0.0,0.0,0.0,0,0,0.0,0,0,0.0,0
2026-03-06T16:39:59,0,0,0,0.0,0,0,0.0,0.0,0.0,0.0,0.0,0.0,0,0,0.0,0,0,0.0,0
2026-03-06T16:40:02,0,0,0,0.0,0,0,0.0,0.0,0.0,0.0,0.0,0.0,0,0,0.0,0,0,0.0,0
2026-03-06T16:40:05,0,0,0,0.0,0,0,0.0,0.0,0.0,0.0,0.0,0.0,0,0,0.0,0,0,0.0,0
2026-03-06T16:40:08,0,0,0,0.0,0,0,0.0,0.0,0.0,0.0,0.0,0.0,0,0,0.0,0,0,0.0,0
2026-03-06T16:40:11,0,0,0,0.0,0,0,0.0,0.0,0.0,0.0,0.0,0.0,0,0,0.0,0,0,0.0,0
2026-03-06T16:40:14,0,0,0,0.0,0,0,0.0,0.0,0.0,0.0,0.0,0.0,0,0,0.0,0,0,0.0,0
2026-03-06T16:40:17,0,0,0,0.0,0,0,0.0,0.0,0.0,0.0,0.0,0.0,0,0,0.0,0,0,0.0,0
2026-03-06T16:40:20,0,0,0,0.0,0,0,0.0,0.0,0.0,0.0,0.0,0.0,0,0,0.0,0,0,0.0,0
2026-03-06T16:40:23,0,0,0,0.0,0,0,0.0,0.0,0.0,0.0,0.0,0.0,0,0,0.0,0,0,0.0,0
2026-03-06T16:40:26,0,0,0,0.0,0,0,0.0,0.0,0.0,0.0,0.0,0.0,0,0,0.0,0,0,0.0,0
2026-03-06T16:40:29,0,0,0,0.0,0,0,0.0,0.0,0.0,0.0,0.0,0.0,0,0,0.0,0,0,0.0,0
2026-03-06T16:40:32,0,0,0,0.0,0,0,0.0,0.0,0.0,0.0,0.0,0.0,0,0,0.0,0,0,0.0,0
2026-03-06T16:40:35,0,0,0,0.0,0,0,0.0,0.0,0.0,0.0,0.0,0.0,0,0,0.0,0,0,0.0,0
2026-03-06T16:40:38,0,0,0,0.0,0,0,0.0,0.0,0.0,0.0,0.0,0.0,0,0,0.0,0,0,0.0,0
2026-03-06T16:40:41,0,0,0,0.0,0,0,0.0,0.0,0.0,0.0,0.0,0.0,0,0,0.0,0,0,0.0,0
2026-03-06T16:47:25,0,0,0,0.0,0,0,0.0,0.0,0.0,0.0,0.0,0.0,0,0,0.0,0,0,0.0,0
2026-03-06T16:47:28,0,0,0,0.0,0,0,0.0,0.0,0.0,0.0,0.0,0.0,0,0,0.0,0,0,0.0,0
2026-03-06T16:47:31,0,0,0,0.0,0,0,0.0,0.0,0.0,0.0,0.0,0.0,0,0,0.0,0,0,0.0,0
2026-03-06T16:47:34,0,0,0,0.0,0,0,0.0,0.0,0.0,0.0,0.0,0.0,0,0,0.0,0,0,0.0,0
2026-03-06T16:47:37,0,0,0,0.0,0,0,0.0,0.0,0.0,0.0,0.0,0.0,0,0,0.0,0,0,0.0,0
2026-03-06T16:47:40,0,0,0,0.0,0,0,0.0,0.0,0.0,0.0,0.0,0.0,0,0,0.0,0,0,0.0,0
2026-03-06T16:47:43,0,0,0,0.0,0,0,0.0,0.0,0.0,0.0,0.0,0.0,0,0,0.0,0,0,0.0,0
2026-03-06T16:47:46,0,0,0,0.0,0,0,0.0,0.0,0.0,0.0,0.0,0.0,0,0,0.0,0,0,0.0,0
2026-03-06T16:47:49,0,0,0,0.0,0,0,0.0,0.0,0.0,0.0,0.0,0.0,0,0,0.0,0,0,0.0,0
2026-03-06T16:47:52,0,0,0,0.0,0,0,0.0,0.0,0.0,0.0,0.0,0.0,0,0,0.0,0,0,0.0,0
2026-03-06T16:47:55,0,0,0,0.0,0,0,0.0,0.0,0.0,0.0,0.0,0.0,0,0,0.0,0,0,0.0,0
2026-03-06T16:47:58,0,0,0,0.0,0,0,0.0,0.0,0.0,0.0,0.0,0.0,0,0,0.0,0,0,0.0,0
2026-03-06T16:48:01,0,0,0,0.0,0,0,0.0,0.0,0.0,0.0,0.0,0.0,0,0,0.0,0,0,0.0,0
2026-03-06T16:48:04,0,0,0,0.0,0,0,0.0,0.0,0.0,0.0,0.0,0.0,0,0,0.0,0,0,0.0,0
2026-03-06T16:48:07,0,0,0,0.0,0,0,0.0,0.0,0.0,0.0,0.0,0.0,0,0,0.0,0,0,0.0,0
2026-03-06T16:48:10,0,0,0,0.0,0,0,0.0,0.0,0.0,0.0,0.0,0.0,0,0,0.0,0,0,0.0,0
2026-03-06T16:48:13,0,0,0,0.0,0,0,0.0,0.0,0.0,0.0,0.0,0.0,0,0,0.0,0,0,0.0,0
2026-03-06T16:48:16,0,0,0,0.0,0,0,0.0,0.0,0.0,0.0,0.0,0.0,0,0,0.0,0,0,0.0,0
2026-03-06T16:48:19,0,0,0,0.0,0,0,0.0,0.0,0.0,0.0,0.0,0.0,0,0,0.0,0,0,0.0,0
2026-03-06T16:48:22,0,0,0,0.0,0,0,0.0,0.0,0.0,0.0,0.0,0.0,0,0,0.0,0,0,0.0,0
2026-03-06T16:48:25,0,0,0,0.0,0,0,0.0,0.0,0.0,0.0,0.0,0.0,0,0,0.0,0,0,0.0,0
2026-03-06T16:48:28,0,0,0,0.0,0,0,0.0,0.0,0.0,0.0,0.0,0.0,0,0,0.0,0,0,0.0,0
2026-03-06T16:48:31,0,0,0,0.0,0,0,0.0,0.0,0.0,0.0,0.0,0.0,0,0,0.0,0,0,0.0,0
2026-03-06T16:48:34,0,0,0,0.0,0,0,0.0,0.0,0.0,0.0,0.0,0.0,0,0,0.0,0,0,0.0,0
2026-03-06T16:48:37,0,0,0,0.0,0,0,0.0,0.0,0.0,0.0,0.0,0.0,0,0,0.0,0,0,0.0,0
2026-03-06T16:48:40,0,0,0,0.0,0,0,0.0,0.0,0.0,0.0,0.0,0.0,0,0,0.0,0,0,0.0,0
2026-03-06T16:48:43,0,0,0,0.0,0,0,0.0,0.0,0.0,0.0,0.0,0.0,0,0,0.0,0,0,0.0,0
2026-03-06T16:48:46,0,0,0,0.0,0,0,0.0,0.0,0.0,0.0,0.0,0.0,0,0,0.0,0,0,0.0,0
2026-03-06T16:48:49,0,0,0,0.0,0,0,0.0,0.0,0.0,0.0,0.0,0.0,0,0,0.0,0,0,0.0,0
2026-03-06T16:48:52,0,0,0,0.0,0,0,0.0,0.0,0.0,0.0,0.0,0.0,0,0,0.0,0,0,0.0,0
2026-03-06T16:48:55,0,0,0,0.0,0,0,0.0,0.0,0.0,0.0,0.0,0.0,0,0,0.0,0,0,0.0,0
2026-03-06T16:48:58,0,0,0,0.0,0,0,0.0,0.0,0.0,0.0,0.0,0.0,0,0,0.0,0,0,0.0,0
2026-03-06T16:49:01,0,0,0,0.0,0,0,0.0,0.0,0.0,0.0,0.0,0.0,0,0,0.0,0,0,0.0,0
2026-03-06T16:49:04,0,0,0,0.0,0,0,0.0,0.0,0.0,0.0,0.0,0.0,0,0,0.0,0,0,0.0,0
2026-03-06T16:49:07,0,0,0,0.0,0,0,0.0,0.0,0.0,0.0,0.0,0.0,0,0,0.0,0,0,0.0,0
2026-03-06T16:49:10,0,0,0,0.0,0,0,0.0,0.0,0.0,0.0,0.0,0.0,0,0,0.0,0,0,0.0,0
2026-03-06T16:49:13,0,0,0,0.0,0,0,0.0,0.0,0.0,0.0,0.0,0.0,0,0,0.0,0,0,0.0,0
2026-03-06T16:49:16,0,0,0,0.0,0,0,0.0,0.0,0.0,0.0,0.0,0.0,0,0,0.0,0,0,0.0,0
2026-03-06T16:49:19,0,0,0,0.0,0,0,0.0,0.0,0.0,0.0,0.0,0.0,0,0,0.0,0,0,0.0,0
2026-03-06T16:49:22,0,0,0,0.0,0,0,0.0,0.0,0.0,0.0,0.0,0.0,0,0,0.0,0,0,0.0,0
2026-03-06T16:49:25,0,0,0,0.0,0,0,0.0,0.0,0.0,0.0,0.0,0.0,0,0,0.0,0,0,0.0,0
2026-03-06T16:49:28,0,0,0,0.0,0,0,0.0,0.0,0.0,0.0,0.0,0.0,0,0,0.0,0,0,0.0,0
2026-03-06T16:49:31,0,0,0,0.0,0,0,0.0,0.0,0.0,0.0,0.0,0.0,0,0,0.0,0,0,0.0,0
2026-03-06T16:49:34,0,0,0,0.0,0,0,0.0,0.0,0.0,0.0,0.0,0.0,0,0,0.0,0,0,0.0,0
2026-03-06T16:49:37,0,0,0,0.0,0,0,0.0,0.0,0.0,0.0,0.0,0.0,0,0,0.0,0,0,0.0,0
2026-03-06T16:49:40,0,0,0,0.0,0,0,0.0,0.0,0.0,0.0,0.0,0.0,0,0,0.0,0,0,0.0,0
2026-03-06T16:49:43,0,0,0,0.0,0,0,0.0,0.0,0.0,0.0,0.0,0.0,0,0,0.0,0,0,0.0,0
2026-03-06T16:49:46,0,0,0,0.0,0,0,0.0,0.0,0.0,0.0,0.0,0.0,0,0,0.0,0,0,0.0,0
2026-03-06T16:49:49,0,0,0,0.0,0,0,0.0,0.0,0.0,0.0,0.0,0.0,0,0,0.0,0,0,0.0,0
2026-03-06T16:49:52,0,0,0,0.0,0,0,0.0,0.0,0.0,0.0,0.0,0.0,0,0,0.0,0,0,0.0,0
2026-03-06T16:49:55,0,0,0,0.0,0,0,0.0,0.0,0.0,0.0,0.0,0.0,0,0,0.0,0,0,0.0,0
2026-03-06T16:49:58,0,0,0,0.0,0,0,0.0,0.0,0.0,0.0,0.0,0.0,0,0,0.0,0,0,0.0,0
2026-03-06T16:50:01,0,0,0,0.0,0,0,0.0,0.0,0.0,0.0,0.0,0.0,0,0,0.0,0,0,0.0,0
2026-03-06T16:50:04,0,0,0,0.0,0,0,0.0,0.0,0.0,0.0,0.0,0.0,0,0,0.0,0,0,0.0,0
2026-03-06T16:50:07,0,0,0,0.0,0,0,0.0,0.0,0.0,0.0,0.0,0.0,0,0,0.0,0,0,0.0,0
2026-03-06T16:50:10,0,0,0,0.0,0,0,0.0,0.0,0.0,0.0,0.0,0.0,0,0,0.0,0,0,0.0,0
2026-03-06T16:50:13,0,0,0,0.0,0,0,0.0,0.0,0.0,0.0,0.0,0.0,0,0,0.0,0,0,0.0,0
2026-03-06T16:50:16,0,0,0,0.0,0,0,0.0,0.0,0.0,0.0,0.0,0.0,0,0,0.0,0,0,0.0,0
2026-03-06T16:50:19,0,0,0,0.0,0,0,0.0,0.0,0.0,0.0,0.0,0.0,0,0,0.0,0,0,0.0,0
2026-03-06T16:50:22,0,0,0,0.0,0,0,0.0,0.0,0.0,0.0,0.0,0.0,0,0,0.0,0,0,0.0,0
2026-03-06T16:50:25,0,0,0,0.0,0,0,0.0,0.0,0.0,0.0,0.0,0.0,0,0,0.0,0,0,0.0,0
2026-03-06T16:50:28,0,0,0,0.0,0,0,0.0,0.0,0.0,0.0,0.0,0.0,0,0,0.0,0,0,0.0,0
2026-03-06T16:50:31,0,0,0,0.0,0,0,0.0,0.0,0.0,0.0,0.0,0.0,0,0,0.0,0,0,0.0,0
2026-03-06T16:50:34,0,0,0,0.0,0,0,0.0,0.0,0.0,0.0,0.0,0.0,0,0,0.0,0,0,0.0,0
2026-03-06T16:50:37,0,0,0,0.0,0,0,0.0,0.0,0.0,0.0,0.0,0.0,0,0,0.0,0,0,0.0,0
2026-03-06T16:50:40,0,0,0,0.0,0,0,0.0,0.0,0.0,0.0,0.0,0.0,0,0,0.0,0,0,0.0,0
2026-03-06T16:50:43,0,0,0,0.0,0,0,0.0,0.0,0.0,0.0,0.0,0.0,0,0,0.0,0,0,0.0,0
2026-03-06T16:50:46,0,0,0,0.0,0,0,0.0,0.0,0.0,0.0,0.0,0.0,0,0,0.0,0,0,0.0,0
2026-03-06T16:50:49,0,0,0,0.0,0,0,0.0,0.0,0.0,0.0,0.0,0.0,0,0,0.0,0,0,0.0,0
2026-03-06T16:50:52,0,0,0,0.0,0,0,0.0,0.0,0.0,0.0,0.0,0.0,0,0,0.0,0,0,0.0,0
2026-03-06T16:50:55,0,0,0,0.0,0,0,0.0,0.0,0.0,0.0,0.0,0.0,0,0,0.0,0,0,0.0,0
2026-03-06T16:50:58,0,0,0,0.0,0,0,0.0,0.0,0.0,0.0,0.0,0.0,0,0,0.0,0,0,0.0,0
2026-03-06T16:51:01,0,0,0,0.0,0,0,0.0,0.0,0.0,0.0,0.0,0.0,0,0,0.0,0,0,0.0,0
2026-03-06T16:51:04,0,0,0,0.0,0,0,0.0,0.0,0.0,0.0,0.0,0.0,0,0,0.0,0,0,0.0,0
2026-03-06T16:51:07,0,0,0,0.0,0,0,0.0,0.0,0.0,0.0,0.0,0.0,0,0,0.0,0,0,0.0,0
2026-03-06T16:51:10,0,0,0,0.0,0,0,0.0,0.0,0.0,0.0,0.0,0.0,0,0,0.0,0,0,0.0,0
2026-03-06T16:51:13,0,0,0,0.0,0,0,0.0,0.0,0.0,0.0,0.0,0.0,0,0,0.0,0,0,0.0,0
2026-03-06T16:51:16,0,0,0,0.0,0,0,0.0,0.0,0.0,0.0,0.0,0.0,0,0,0.0,0,0,0.0,0
2026-03-06T16:51:19,0,0,0,0.0,0,0,0.0,0.0,0.0,0.0,0.0,0.0,0,0,0.0,0,0,0.0,0
2026-03-06T16:51:22,0,0,0,0.0,0,0,0.0,0.0,0.0,0.0,0.0,0.0,0,0,0.0,0,0,0.0,0
2026-03-06T16:51:25,0,0,0,0.0,0,0,0.0,0.0,0.0,0.0,0.0,0.0,0,0,0.0,0,0,0.0,0
2026-03-06T16:51:29,0,0,0,0.0,0,0,0.0,0.0,0.0,0.0,0.0,0.0,0,0,0.0,0,0,0.0,0
2026-03-06T16:51:32,0,0,0,0.0,0,0,0.0,0.0,0.0,0.0,0.0,0.0,0,0,0.0,0,0,0.0,0
2026-03-06T16:51:35,0,0,0,0.0,0,0,0.0,0.0,0.0,0.0,0.0,0.0,0,0,0.0,0,0,0.0,0
2026-03-06T16:51:38,0,0,0,0.0,0,0,0.0,0.0,0.0,0.0,0.0,0.0,0,0,0.0,0,0,0.0,0
2026-03-06T16:55:02,0,0,0,0.0,0,0,0.0,0.0,0.0,0.0,0.0,0.0,0,0,0.0,0,0,0.0,0
2026-03-06T16:55:06,12160,12048,112,106.6195,0,12048,4034.1866,3997.0296,37.157,0.063,0.063,0.0726,2,2,0.9926,1216,0,1.0,0
2026-03-06T16:55:09,51580,50863,717,70.8398,0,50863,16190.7674,15965.7038,225.0636,0.106,0.106,0.1171,2,2,0.986,5158,0,0.0,0
2026-03-06T16:55:12,58690,57802,888,65.0191,0,57802,18119.2214,17845.0713,274.1501,0.1184,0.1184,0.1266,2,2,0.984,5869,0,0.0,0
2026-03-06T16:55:16,63610,62502,1108,56.3589,0,62499,20259.924,19907.0236,352.9004,0.1296,0.1296,0.1426,2,2,0.9821,6361,0,0.0,0
2026-03-06T16:55:19,44280,43616,664,65.588,0,43616,13711.5834,13505.9716,205.6118,0.1118,0.1118,0.1148,2,2,0.9851,4428,0,0.0,0
2026-03-06T16:55:22,49970,49160,810,60.6165,0,49160,15747.8907,15492.6218,255.269,0.1184,0.1184,0.1257,2,2,0.984,4997,0,0.0,0
2026-03-06T16:55:25,54030,53084,946,56.0549,0,53084,16761.3772,16467.9058,293.4715,0.1255,0.1255,0.138,2,2,0.9828,5403,0,0.0,0
2026-03-06T16:55:29,46900,46042,858,53.5995,0,46042,14630.6735,14363.0164,267.6571,0.1332,0.1332,0.1386,2,2,0.9814,4690,0,0.0,0
2026-03-06T16:55:31,38240,37573,667,56.247,0,37573,19370.4514,19032.5829,337.8685,0.1227,0.1227,0.1262,2,2,0.9833,3824,0,0.0,0
2026-03-06T17:39:21,0,0,0,0.0,0,0,0.0,0.0,0.0,0.0,0.0,0.0,0,0,0.0,0,0,0.0,0
2026-03-06T17:39:24,0,0,0,0.0,0,0,0.0,0.0,0.0,0.0,0.0,0.0,0,0,0.0,0,0,0.0,0
2026-03-06T17:39:27,0,0,0,0.0,0,0,0.0,0.0,0.0,0.0,0.0,0.0,0,0,0.0,0,0,0.0,0
2026-03-06T17:40:37,0,0,0,0.0,0,0,0.0,0.0,0.0,0.0,0.0,0.0,0,0,0.0,0,0,0.0,0
2026-03-06T17:40:40,0,0,0,0.0,0,0,0.0,0.0,0.0,0.0,0.0,0.0,0,0,0.0,0,0,0.0,0
2026-03-06T17:40:43,54500,53479,1021,52.3278,0,53479,17335.21,17010.4531,324.7569,0.1379,0.1379,0.1777,4,4,0.982,5450,0,1.0,0
2026-03-06T17:40:46,83100,80934,2166,37.3484,0,80934,26599.2814,25905.9716,693.3098,0.1911,0.1911,0.2303,3,3,0.9709,8310,0,0.3333,0
2026-03-06T17:40:50,61260,59775,1485,40.2254,0,59764,19832.6022,19351.8413,480.7609,0.1953,0.1953,0.2566,4,4,0.9706,6126,0,0.5,0
2026-03-06T17:40:53,85840,83641,2199,38.0186,0,83641,27924.5857,27209.2296,715.3561,0.2079,0.2079,0.2673,3,3,0.9675,8584,0,0.0,0
2026-03-06T17:40:56,79910,78161,1749,44.6634,0,78161,26037.7022,25467.8118,569.8904,0.1217,0.1217,0.1888,3,3,0.9836,7991,0,0.3333,0
2026-03-06T17:40:59,75180,73326,1854,39.5288,0,73326,23987.5327,23395.9806,591.5521,0.188,0.188,0.2312,2,2,0.9713,7518,0,0.0,0
2026-03-06T17:41:02,64080,62785,1295,48.4452,0,62785,20287.4104,19877.4198,409.9906,0.1301,0.1301,0.1608,3,3,0.9822,6408,0,0.3333,0
2026-03-06T17:41:05,55720,54680,1040,52.5264,0,54680,17808.4275,17476.0376,332.3899,0.1435,0.1435,0.1763,3,3,0.9799,5572,0,0.0,0
2026-03-06T17:41:09,59190,57862,1328,43.538,0,57862,19235.1698,18803.6052,431.5645,0.1931,0.1931,0.2146,2,2,0.9703,5919,0,0.0,0
2026-03-06T17:41:12,53760,52489,1271,41.2649,0,52489,17133.4359,16728.3653,405.0706,0.1732,0.1732,0.1935,2,2,0.9741,5376,0,0.0,0
2026-03-06T17:41:15,59540,58213,1327,43.8351,0,58213,19593.4081,19156.7192,436.6888,0.1879,0.1879,0.2145,2,2,0.9713,5954,0,0.0,0
2026-03-06T17:41:18,62550,61063,1487,41.037,0,61063,20361.8384,19877.7768,484.0616,0.1665,0.1665,0.1932,3,3,0.9759,6255,0,0.3333,0
2026-03-06T17:41:21,45690,44973,717,62.6365,0,44973,14289.5688,14065.3267,224.2421,0.1352,0.1352,0.1543,3,3,0.9814,4569,0,0.3333,0
2026-03-06T17:41:24,60190,58921,1269,46.3945,0,58921,19264.7728,18858.6091,406.1638,0.1729,0.1729,0.1866,4,4,0.9747,6019,0,0.25,0
2026-03-06T17:41:28,67820,66264,1556,42.5588,0,66264,21352.8199,20862.9204,489.8996,0.2014,0.2014,0.2074,2,2,0.9686,6782,0,0.0,0
2026-03-06T17:41:31,32570,31860,710,44.8101,0,31860,10835.5182,10599.3125,236.2056,0.1145,0.1145,0.1225,2,2,0.9846,3257,0,0.0,0
2026-03-06T17:41:34,0,0,0,0.0,0,0,0.0,0.0,0.0,0.0,0.0,0.0,0,0,0.0,0,0,0.0,0
2026-03-06T17:41:37,0,0,0,0.0,0,0,0.0,0.0,0.0,0.0,0.0,0.0,0,0,0.0,0,0,0.0,0
2026-03-06T17:41:40,0,0,0,0.0,0,0,0.0,0.0,0.0,0.0,0.0,0.0,0,0,0.0,0,0,0.0,0
2026-03-06T17:41:43,0,0,0,0.0,0,0,0.0,0.0,0.0,0.0,0.0,0.0,0,0,0.0,0,0,0.0,0
2026-03-06T17:41:46,0,0,0,0.0,0,0,0.0,0.0,0.0,0.0,0.0,0.0,0,0,0.0,0,0,0.0,0
2026-03-06T17:41:49,0,0,0,0.0,0,0,0.0,0.0,0.0,0.0,0.0,0.0,0,0,0.0,0,0,0.0,0
2026-03-06T17:41:52,0,0,0,0.0,0,0,0.0,0.0,0.0,0.0,0.0,0.0,0,0,0.0,0,0,0.0,0
2026-03-06T18:01:48,0,0,0,0.0,0,0,0.0,0.0,0.0,0.0,0.0,0.0,0,0,0.0,0,0,0.0,0
2026-03-06T18:01:51,0,0,0,0.0,0,0,0.0,0.0,0.0,0.0,0.0,0.0,0,0,0.0,0,0,0.0,0
2026-03-06T18:01:54,0,0,0,0.0,0,0,0.0,0.0,0.0,0.0,0.0,0.0,0,0,0.0,0,0,0.0,0
2026-03-06T18:01:57,0,0,0,0.0,0,0,0.0,0.0,0.0,0.0,0.0,0.0,0,0,0.0,0,0,0.0,0
2026-03-06T18:02:00,0,0,0,0.0,0,0,0.0,0.0,0.0,0.0,0.0,0.0,0,0,0.0,0,0,0.0,0
2026-03-06T18:02:03,0,0,0,0.0,0,0,0.0,0.0,0.0,0.0,0.0,0.0,0,0,0.0,0,0,0.0,0
2026-03-06T18:02:06,0,0,0,0.0,0,0,0.0,0.0,0.0,0.0,0.0,0.0,0,0,0.0,0,0,0.0,0
2026-03-06T18:02:09,0,0,0,0.0,0,0,0.0,0.0,0.0,0.0,0.0,0.0,0,0,0.0,0,0,0.0,0
2026-03-06T18:02:12,0,0,0,0.0,0,0,0.0,0.0,0.0,0.0,0.0,0.0,0,0,0.0,0,0,0.0,0
2026-03-06T18:02:15,0,0,0,0.0,0,0,0.0,0.0,0.0,0.0,0.0,0.0,0,0,0.0,0,0,0.0,0
2026-03-06T18:02:18,0,0,0,0.0,0,0,0.0,0.0,0.0,0.0,0.0,0.0,0,0,0.0,0,0,0.0,0
2026-03-06T18:02:21,0,0,0,0.0,0,0,0.0,0.0,0.0,0.0,0.0,0.0,0,0,0.0,0,0,0.0,0
2026-03-06T18:02:24,0,0,0,0.0,0,0,0.0,0.0,0.0,0.0,0.0,0.0,0,0,0.0,0,0,0.0,0
2026-03-06T18:02:27,0,0,0,0.0,0,0,0.0,0.0,0.0,0.0,0.0,0.0,0,0,0.0,0,0,0.0,0
2026-03-06T18:02:30,0,0,0,0.0,0,0,0.0,0.0,0.0,0.0,0.0,0.0,0,0,0.0,0,0,0.0,0
2026-03-06T18:02:33,0,0,0,0.0,0,0,0.0,0.0,0.0,0.0,0.0,0.0,0,0,0.0,0,0,0.0,0
2026-03-06T18:02:36,0,0,0,0.0,0,0,0.0,0.0,0.0,0.0,0.0,0.0,0,0,0.0,0,0,0.0,0
2026-03-06T18:02:39,0,0,0,0.0,0,0,0.0,0.0,0.0,0.0,0.0,0.0,0,0,0.0,0,0,0.0,0
2026-03-06T18:02:42,0,0,0,0.0,0,0,0.0,0.0,0.0,0.0,0.0,0.0,0,0,0.0,0,0,0.0,0
2026-03-06T18:02:45,0,0,0,0.0,0,0,0.0,0.0,0.0,0.0,0.0,0.0,0,0,0.0,0,0,0.0,0
2026-03-06T18:02:48,0,0,0,0.0,0,0,0.0,0.0,0.0,0.0,0.0,0.0,0,0,0.0,0,0,0.0,0
2026-03-06T18:02:51,0,0,0,0.0,0,0,0.0,0.0,0.0,0.0,0.0,0.0,0,0,0.0,0,0,0.0,0
2026-03-06T18:02:54,0,0,0,0.0,0,0,0.0,0.0,0.0,0.0,0.0,0.0,0,0,0.0,0,0,0.0,0
2026-03-06T18:02:57,0,0,0,0.0,0,0,0.0,0.0,0.0,0.0,0.0,0.0,0,0,0.0,0,0,0.0,0
2026-03-06T18:03:00,0,0,0,0.0,0,0,0.0,0.0,0.0,0.0,0.0,0.0,0,0,0.0,0,0,0.0,0
2026-03-06T18:03:03,0,0,0,0.0,0,0,0.0,0.0,0.0,0.0,0.0,0.0,0,0,0.0,0,0,0.0,0
2026-03-06T18:03:06,0,0,0,0.0,0,0,0.0,0.0,0.0,0.0,0.0,0.0,0,0,0.0,0,0,0.0,0
2026-03-06T18:03:09,0,0,0,0.0,0,0,0.0,0.0,0.0,0.0,0.0,0.0,0,0,0.0,0,0,0.0,0
2026-03-06T18:03:12,0,0,0,0.0,0,0,0.0,0.0,0.0,0.0,0.0,0.0,0,0,0.0,0,0,0.0,0
2026-03-06T18:03:15,0,0,0,0.0,0,0,0.0,0.0,0.0,0.0,0.0,0.0,0,0,0.0,0,0,0.0,0
2026-03-06T18:03:18,0,0,0,0.0,0,0,0.0,0.0,0.0,0.0,0.0,0.0,0,0,0.0,0,0,0.0,0
2026-03-06T18:03:21,0,0,0,0.0,0,0,0.0,0.0,0.0,0.0,0.0,0.0,0,0,0.0,0,0,0.0,0
2026-03-06T18:03:24,0,0,0,0.0,0,0,0.0,0.0,0.0,0.0,0.0,0.0,0,0,0.0,0,0,0.0,0
2026-03-06T18:03:27,0,0,0,0.0,0,0,0.0,0.0,0.0,0.0,0.0,0.0,0,0,0.0,0,0,0.0,0
2026-03-06T18:03:30,0,0,0,0.0,0,0,0.0,0.0,0.0,0.0,0.0,0.0,0,0,0.0,0,0,0.0,0
2026-03-06T18:03:33,0,0,0,0.0,0,0,0.0,0.0,0.0,0.0,0.0,0.0,0,0,0.0,0,0,0.0,0
2026-03-06T18:03:36,0,0,0,0.0,0,0,0.0,0.0,0.0,0.0,0.0,0.0,0,0,0.0,0,0,0.0,0
2026-03-06T18:03:39,0,0,0,0.0,0,0,0.0,0.0,0.0,0.0,0.0,0.0,0,0,0.0,0,0,0.0,0
2026-03-06T18:03:42,0,0,0,0.0,0,0,0.0,0.0,0.0,0.0,0.0,0.0,0,0,0.0,0,0,0.0,0
2026-03-06T18:03:45,0,0,0,0.0,0,0,0.0,0.0,0.0,0.0,0.0,0.0,0,0,0.0,0,0,0.0,0
2026-03-06T18:03:48,0,0,0,0.0,0,0,0.0,0.0,0.0,0.0,0.0,0.0,0,0,0.0,0,0,0.0,0
2026-03-06T18:03:51,0,0,0,0.0,0,0,0.0,0.0,0.0,0.0,0.0,0.0,0,0,0.0,0,0,0.0,0
2026-03-06T18:03:54,0,0,0,0.0,0,0,0.0,0.0,0.0,0.0,0.0,0.0,0,0,0.0,0,0,0.0,0
2026-03-06T18:03:57,0,0,0,0.0,0,0,0.0,0.0,0.0,0.0,0.0,0.0,0,0,0.0,0,0,0.0,0
2026-03-06T18:04:00,0,0,0,0.0,0,0,0.0,0.0,0.0,0.0,0.0,0.0,0,0,0.0,0,0,0.0,0
2026-03-06T18:04:03,0,0,0,0.0,0,0,0.0,0.0,0.0,0.0,0.0,0.0,0,0,0.0,0,0,0.0,0
2026-03-06T18:04:06,0,0,0,0.0,0,0,0.0,0.0,0.0,0.0,0.0,0.0,0,0,0.0,0,0,0.0,0
2026-03-06T18:04:09,0,0,0,0.0,0,0,0.0,0.0,0.0,0.0,0.0,0.0,0,0,0.0,0,0,0.0,0
2026-03-06T18:04:12,0,0,0,0.0,0,0,0.0,0.0,0.0,0.0,0.0,0.0,0,0,0.0,0,0,0.0,0
2026-03-06T18:04:15,0,0,0,0.0,0,0,0.0,0.0,0.0,0.0,0.0,0.0,0,0,0.0,0,0,0.0,0
2026-03-06T18:04:18,0,0,0,0.0,0,0,0.0,0.0,0.0,0.0,0.0,0.0,0,0,0.0,0,0,0.0,0
2026-03-06T18:04:21,0,0,0,0.0,0,0,0.0,0.0,0.0,0.0,0.0,0.0,0,0,0.0,0,0,0.0,0
2026-03-06T18:04:24,0,0,0,0.0,0,0,0.0,0.0,0.0,0.0,0.0,0.0,0,0,0.0,0,0,0.0,0
2026-03-06T18:04:27,0,0,0,0.0,0,0,0.0,0.0,0.0,0.0,0.0,0.0,0,0,0.0,0,0,0.0,0
2026-03-06T18:04:30,0,0,0,0.0,0,0,0.0,0.0,0.0,0.0,0.0,0.0,0,0,0.0,0,0,0.0,0
2026-03-06T18:04:33,0,0,0,0.0,0,0,0.0,0.0,0.0,0.0,0.0,0.0,0,0,0.0,0,0,0.0,0
2026-03-06T18:04:36,0,0,0,0.0,0,0,0.0,0.0,0.0,0.0,0.0,0.0,0,0,0.0,0,0,0.0,0
2026-03-06T18:04:39,0,0,0,0.0,0,0,0.0,0.0,0.0,0.0,0.0,0.0,0,0,0.0,0,0,0.0,0
2026-03-06T18:04:42,0,0,0,0.0,0,0,0.0,0.0,0.0,0.0,0.0,0.0,0,0,0.0,0,0,0.0,0
2026-03-06T18:04:45,0,0,0,0.0,0,0,0.0,0.0,0.0,0.0,0.0,0.0,0,0,0.0,0,0,0.0,0
2026-03-06T18:04:48,0,0,0,0.0,0,0,0.0,0.0,0.0,0.0,0.0,0.0,0,0,0.0,0,0,0.0,0
2026-03-06T18:04:51,0,0,0,0.0,0,0,0.0,0.0,0.0,0.0,0.0,0.0,0,0,0.0,0,0,0.0,0
2026-03-06T18:04:54,0,0,0,0.0,0,0,0.0,0.0,0.0,0.0,0.0,0.0,0,0,0.0,0,0,0.0,0
2026-03-06T18:04:57,0,0,0,0.0,0,0,0.0,0.0,0.0,0.0,0.0,0.0,0,0,0.0,0,0,0.0,0
2026-03-06T18:05:00,0,0,0,0.0,0,0,0.0,0.0,0.0,0.0,0.0,0.0,0,0,0.0,0,0,0.0,0
2026-03-06T18:05:03,0,0,0,0.0,0,0,0.0,0.0,0.0,0.0,0.0,0.0,0,0,0.0,0,0,0.0,0
2026-03-06T18:05:06,0,0,0,0.0,0,0,0.0,0.0,0.0,0.0,0.0,0.0,0,0,0.0,0,0,0.0,0
2026-03-06T18:05:09,0,0,0,0.0,0,0,0.0,0.0,0.0,0.0,0.0,0.0,0,0,0.0,0,0,0.0,0
2026-03-06T18:05:12,0,0,0,0.0,0,0,0.0,0.0,0.0,0.0,0.0,0.0,0,0,0.0,0,0,0.0,0
2026-03-06T18:05:15,0,0,0,0.0,0,0,0.0,0.0,0.0,0.0,0.0,0.0,0,0,0.0,0,0,0.0,0
2026-03-06T18:05:18,0,0,0,0.0,0,0,0.0,0.0,0.0,0.0,0.0,0.0,0,0,0.0,0,0,0.0,0
2026-03-06T18:05:21,0,0,0,0.0,0,0,0.0,0.0,0.0,0.0,0.0,0.0,0,0,0.0,0,0,0.0,0
2026-03-06T18:05:24,0,0,0,0.0,0,0,0.0,0.0,0.0,0.0,0.0,0.0,0,0,0.0,0,0,0.0,0
2026-03-06T18:05:27,0,0,0,0.0,0,0,0.0,0.0,0.0,0.0,0.0,0.0,0,0,0.0,0,0,0.0,0
2026-03-06T18:05:30,0,0,0,0.0,0,0,0.0,0.0,0.0,0.0,0.0,0.0,0,0,0.0,0,0,0.0,0
2026-03-06T18:05:33,0,0,0,0.0,0,0,0.0,0.0,0.0,0.0,0.0,0.0,0,0,0.0,0,0,0.0,0
2026-03-06T18:05:36,0,0,0,0.0,0,0,0.0,0.0,0.0,0.0,0.0,0.0,0,0,0.0,0,0,0.0,0
2026-03-06T18:05:39,0,0,0,0.0,0,0,0.0,0.0,0.0,0.0,0.0,0.0,0,0,0.0,0,0,0.0,0
2026-03-06T18:05:42,0,0,0,0.0,0,0,0.0,0.0,0.0,0.0,0.0,0.0,0,0,0.0,0,0,0.0,0
2026-03-06T18:05:45,0,0,0,0.0,0,0,0.0,0.0,0.0,0.0,0.0,0.0,0,0,0.0,0,0,0.0,0
2026-03-06T18:05:48,0,0,0,0.0,0,0,0.0,0.0,0.0,0.0,0.0,0.0,0,0,0.0,0,0,0.0,0
2026-03-06T18:05:51,0,0,0,0.0,0,0,0.0,0.0,0.0,0.0,0.0,0.0,0,0,0.0,0,0,0.0,0
2026-03-06T18:05:54,0,0,0,0.0,0,0,0.0,0.0,0.0,0.0,0.0,0.0,0,0,0.0,0,0,0.0,0
2026-03-06T18:05:57,0,0,0,0.0,0,0,0.0,0.0,0.0,0.0,0.0,0.0,0,0,0.0,0,0,0.0,0
2026-03-06T18:06:00,0,0,0,0.0,0,0,0.0,0.0,0.0,0.0,0.0,0.0,0,0,0.0,0,0,0.0,0
2026-03-06T18:06:03,0,0,0,0.0,0,0,0.0,0.0,0.0,0.0,0.0,0.0,0,0,0.0,0,0,0.0,0
2026-03-06T18:06:06,0,0,0,0.0,0,0,0.0,0.0,0.0,0.0,0.0,0.0,0,0,0.0,0,0,0.0,0
2026-03-06T18:06:09,0,0,0,0.0,0,0,0.0,0.0,0.0,0.0,0.0,0.0,0,0,0.0,0,0,0.0,0
2026-03-06T18:06:12,0,0,0,0.0,0,0,0.0,0.0,0.0,0.0,0.0,0.0,0,0,0.0,0,0,0.0,0
2026-03-06T18:06:15,0,0,0,0.0,0,0,0.0,0.0,0.0,0.0,0.0,0.0,0,0,0.0,0,0,0.0,0
2026-03-06T18:06:18,0,0,0,0.0,0,0,0.0,0.0,0.0,0.0,0.0,0.0,0,0,0.0,0,0,0.0,0
2026-03-06T18:06:21,0,0,0,0.0,0,0,0.0,0.0,0.0,0.0,0.0,0.0,0,0,0.0,0,0,0.0,0
2026-03-06T18:06:24,0,0,0,0.0,0,0,0.0,0.0,0.0,0.0,0.0,0.0,0,0,0.0,0,0,0.0,0
2026-03-06T18:06:27,0,0,0,0.0,0,0,0.0,0.0,0.0,0.0,0.0,0.0,0,0,0.0,0,0,0.0,0
2026-03-06T18:06:30,0,0,0,0.0,0,0,0.0,0.0,0.0,0.0,0.0,0.0,0,0,0.0,0,0,0.0,0
2026-03-06T18:06:33,0,0,0,0.0,0,0,0.0,0.0,0.0,0.0,0.0,0.0,0,0,0.0,0,0,0.0,0
2026-03-06T18:06:36,0,0,0,0.0,0,0,0.0,0.0,0.0,0.0,0.0,0.0,0,0,0.0,0,0,0.0,0
2026-03-06T18:06:39,0,0,0,0.0,0,0,0.0,0.0,0.0,0.0,0.0,0.0,0,0,0.0,0,0,0.0,0
2026-03-06T18:06:42,0,0,0,0.0,0,0,0.0,0.0,0.0,0.0,0.0,0.0,0,0,0.0,0,0,0.0,0
2026-03-06T18:06:45,0,0,0,0.0,0,0,0.0,0.0,0.0,0.0,0.0,0.0,0,0,0.0,0,0,0.0,0
2026-03-06T18:06:48,0,0,0,0.0,0,0,0.0,0.0,0.0,0.0,0.0,0.0,0,0,0.0,0,0,0.0,0
2026-03-06T18:06:51,0,0,0,0.0,0,0,0.0,0.0,0.0,0.0,0.0,0.0,0,0,0.0,0,0,0.0,0
2026-03-06T18:06:54,0,0,0,0.0,0,0,0.0,0.0,0.0,0.0,0.0,0.0,0,0,0.0,0,0,0.0,0
2026-03-06T18:06:57,0,0,0,0.0,0,0,0.0,0.0,0.0,0.0,0.0,0.0,0,0,0.0,0,0,0.0,0
2026-03-06T18:07:00,0,0,0,0.0,0,0,0.0,0.0,0.0,0.0,0.0,0.0,0,0,0.0,0,0,0.0,0
2026-03-06T18:07:03,0,0,0,0.0,0,0,0.0,0.0,0.0,0.0,0.0,0.0,0,0,0.0,0,0,0.0,0
2026-03-06T18:07:06,0,0,0,0.0,0,0,0.0,0.0,0.0,0.0,0.0,0.0,0,0,0.0,0,0,0.0,0
2026-03-06T18:07:09,0,0,0,0.0,0,0,0.0,0.0,0.0,0.0,0.0,0.0,0,0,0.0,0,0,0.0,0
2026-03-06T18:07:12,0,0,0,0.0,0,0,0.0,0.0,0.0,0.0,0.0,0.0,0,0,0.0,0,0,0.0,0
2026-03-06T18:07:15,0,0,0,0.0,0,0,0.0,0.0,0.0,0.0,0.0,0.0,0,0,0.0,0,0,0.0,0
2026-03-06T18:07:18,0,0,0,0.0,0,0,0.0,0.0,0.0,0.0,0.0,0.0,0,0,0.0,0,0,0.0,0
2026-03-06T18:07:21,0,0,0,0.0,0,0,0.0,0.0,0.0,0.0,0.0,0.0,0,0,0.0,0,0,0.0,0
2026-03-06T18:07:24,0,0,0,0.0,0,0,0.0,0.0,0.0,0.0,0.0,0.0,0,0,0.0,0,0,0.0,0
2026-03-06T18:07:27,0,0,0,0.0,0,0,0.0,0.0,0.0,0.0,0.0,0.0,0,0,0.0,0,0,0.0,0
2026-03-06T18:07:30,0,0,0,0.0,0,0,0.0,0.0,0.0,0.0,0.0,0.0,0,0,0.0,0,0,0.0,0
2026-03-06T18:07:33,0,0,0,0.0,0,0,0.0,0.0,0.0,0.0,0.0,0.0,0,0,0.0,0,0,0.0,0
2026-03-06T18:07:36,0,0,0,0.0,0,0,0.0,0.0,0.0,0.0,0.0,0.0,0,0,0.0,0,0,0.0,0
2026-03-06T18:07:39,0,0,0,0.0,0,0,0.0,0.0,0.0,0.0,0.0,0.0,0,0,0.0,0,0,0.0,0
2026-03-06T18:07:42,0,0,0,0.0,0,0,0.0,0.0,0.0,0.0,0.0,0.0,0,0,0.0,0,0,0.0,0
2026-03-06T18:07:45,0,0,0,0.0,0,0,0.0,0.0,0.0,0.0,0.0,0.0,0,0,0.0,0,0,0.0,0
2026-03-06T18:07:48,0,0,0,0.0,0,0,0.0,0.0,0.0,0.0,0.0,0.0,0,0,0.0,0,0,0.0,0
2026-03-06T18:07:51,0,0,0,0.0,0,0,0.0,0.0,0.0,0.0,0.0,0.0,0,0,0.0,0,0,0.0,0
2026-03-06T18:07:54,0,0,0,0.0,0,0,0.0,0.0,0.0,0.0,0.0,0.0,0,0,0.0,0,0,0.0,0
2026-03-06T18:07:57,0,0,0,0.0,0,0,0.0,0.0,0.0,0.0,0.0,0.0,0,0,0.0,0,0,0.0,0
2026-03-06T18:08:00,0,0,0,0.0,0,0,0.0,0.0,0.0,0.0,0.0,0.0,0,0,0.0,0,0,0.0,0
2026-03-06T18:08:03,0,0,0,0.0,0,0,0.0,0.0,0.0,0.0,0.0,0.0,0,0,0.0,0,0,0.0,0
2026-03-06T18:08:06,0,0,0,0.0,0,0,0.0,0.0,0.0,0.0,0.0,0.0,0,0,0.0,0,0,0.0,0
2026-03-06T18:08:09,0,0,0,0.0,0,0,0.0,0.0,0.0,0.0,0.0,0.0,0,0,0.0,0,0,0.0,0
2026-03-06T18:08:12,0,0,0,0.0,0,0,0.0,0.0,0.0,0.0,0.0,0.0,0,0,0.0,0,0,0.0,0
2026-03-06T18:08:15,0,0,0,0.0,0,0,0.0,0.0,0.0,0.0,0.0,0.0,0,0,0.0,0,0,0.0,0
2026-03-06T18:08:18,0,0,0,0.0,0,0,0.0,0.0,0.0,0.0,0.0,0.0,0,0,0.0,0,0,0.0,0
2026-03-06T18:08:21,0,0,0,0.0,0,0,0.0,0.0,0.0,0.0,0.0,0.0,0,0,0.0,0,0,0.0,0
2026-03-06T18:08:24,0,0,0,0.0,0,0,0.0,0.0,0.0,0.0,0.0,0.0,0,0,0.0,0,0,0.0,0
2026-03-06T18:08:27,0,0,0,0.0,0,0,0.0,0.0,0.0,0.0,0.0,0.0,0,0,0.0,0,0,0.0,0
2026-03-06T18:08:30,0,0,0,0.0,0,0,0.0,0.0,0.0,0.0,0.0,0.0,0,0,0.0,0,0,0.0,0
2026-03-06T18:08:33,0,0,0,0.0,0,0,0.0,0.0,0.0,0.0,0.0,0.0,0,0,0.0,0,0,0.0,0
2026-03-06T18:08:36,0,0,0,0.0,0,0,0.0,0.0,0.0,0.0,0.0,0.0,0,0,0.0,0,0,0.0,0
2026-03-06T18:08:39,0,0,0,0.0,0,0,0.0,0.0,0.0,0.0,0.0,0.0,0,0,0.0,0,0,0.0,0
2026-03-06T18:08:42,0,0,0,0.0,0,0,0.0,0.0,0.0,0.0,0.0,0.0,0,0,0.0,0,0,0.0,0
2026-03-06T18:08:45,0,0,0,0.0,0,0,0.0,0.0,0.0,0.0,0.0,0.0,0,0,0.0,0,0,0.0,0
2026-03-06T18:08:48,0,0,0,0.0,0,0,0.0,0.0,0.0,0.0,0.0,0.0,0,0,0.0,0,0,0.0,0
2026-03-06T18:08:51,0,0,0,0.0,0,0,0.0,0.0,0.0,0.0,0.0,0.0,0,0,0.0,0,0,0.0,0
2026-03-06T18:08:54,0,0,0,0.0,0,0,0.0,0.0,0.0,0.0,0.0,0.0,0,0,0.0,0,0,0.0,0
2026-03-06T18:08:57,0,0,0,0.0,0,0,0.0,0.0,0.0,0.0,0.0,0.0,0,0,0.0,0,0,0.0,0
2026-03-06T18:09:00,0,0,0,0.0,0,0,0.0,0.0,0.0,0.0,0.0,0.0,0,0,0.0,0,0,0.0,0
2026-03-06T18:09:03,0,0,0,0.0,0,0,0.0,0.0,0.0,0.0,0.0,0.0,0,0,0.0,0,0,0.0,0
2026-03-06T18:09:06,0,0,0,0.0,0,0,0.0,0.0,0.0,0.0,0.0,0.0,0,0,0.0,0,0,0.0,0
2026-03-06T18:09:09,0,0,0,0.0,0,0,0.0,0.0,0.0,0.0,0.0,0.0,0,0,0.0,0,0,0.0,0
2026-03-06T18:09:12,0,0,0,0.0,0,0,0.0,0.0,0.0,0.0,0.0,0.0,0,0,0.0,0,0,0.0,0
2026-03-06T18:09:15,0,0,0,0.0,0,0,0.0,0.0,0.0,0.0,0.0,0.0,0,0,0.0,0,0,0.0,0
2026-03-06T18:09:18,0,0,0,0.0,0,0,0.0,0.0,0.0,0.0,0.0,0.0,0,0,0.0,0,0,0.0,0
2026-03-06T18:09:21,0,0,0,0.0,0,0,0.0,0.0,0.0,0.0,0.0,0.0,0,0,0.0,0,0,0.0,0
2026-03-06T18:09:24,0,0,0,0.0,0,0,0.0,0.0,0.0,0.0,0.0,0.0,0,0,0.0,0,0,0.0,0
2026-03-06T18:09:27,0,0,0,0.0,0,0,0.0,0.0,0.0,0.0,0.0,0.0,0,0,0.0,0,0,0.0,0
2026-03-06T18:09:30,0,0,0,0.0,0,0,0.0,0.0,0.0,0.0,0.0,0.0,0,0,0.0,0,0,0.0,0
2026-03-06T18:09:33,0,0,0,0.0,0,0,0.0,0.0,0.0,0.0,0.0,0.0,0,0,0.0,0,0,0.0,0
2026-03-06T18:09:36,0,0,0,0.0,0,0,0.0,0.0,0.0,0.0,0.0,0.0,0,0,0.0,0,0,0.0,0
2026-03-06T18:09:39,0,0,0,0.0,0,0,0.0,0.0,0.0,0.0,0.0,0.0,0,0,0.0,0,0,0.0,0
2026-03-06T18:09:42,0,0,0,0.0,0,0,0.0,0.0,0.0,0.0,0.0,0.0,0,0,0.0,0,0,0.0,0
2026-03-06T18:09:45,0,0,0,0.0,0,0,0.0,0.0,0.0,0.0,0.0,0.0,0,0,0.0,0,0,0.0,0
2026-03-06T18:09:48,0,0,0,0.0,0,0,0.0,0.0,0.0,0.0,0.0,0.0,0,0,0.0,0,0,0.0,0
2026-03-06T18:09:51,0,0,0,0.0,0,0,0.0,0.0,0.0,0.0,0.0,0.0,0,0,0.0,0,0,0.0,0
2026-03-06T18:09:54,0,0,0,0.0,0,0,0.0,0.0,0.0,0.0,0.0,0.0,0,0,0.0,0,0,0.0,0
2026-03-06T18:09:57,0,0,0,0.0,0,0,0.0,0.0,0.0,0.0,0.0,0.0,0,0,0.0,0,0,0.0,0
2026-03-06T18:10:00,0,0,0,0.0,0,0,0.0,0.0,0.0,0.0,0.0,0.0,0,0,0.0,0,0,0.0,0
2026-03-06T18:10:03,0,0,0,0.0,0,0,0.0,0.0,0.0,0.0,0.0,0.0,0,0,0.0,0,0,0.0,0
2026-03-06T18:10:06,0,0,0,0.0,0,0,0.0,0.0,0.0,0.0,0.0,0.0,0,0,0.0,0,0,0.0,0
2026-03-06T18:10:09,0,0,0,0.0,0,0,0.0,0.0,0.0,0.0,0.0,0.0,0,0,0.0,0,0,0.0,0
2026-03-06T18:10:12,0,0,0,0.0,0,0,0.0,0.0,0.0,0.0,0.0,0.0,0,0,0.0,0,0,0.0,0
2026-03-06T18:10:15,0,0,0,0.0,0,0,0.0,0.0,0.0,0.0,0.0,0.0,0,0,0.0,0,0,0.0,0
2026-03-06T18:10:18,0,0,0,0.0,0,0,0.0,0.0,0.0,0.0,0.0,0.0,0,0,0.0,0,0,0.0,0
2026-03-06T18:10:21,0,0,0,0.0,0,0,0.0,0.0,0.0,0.0,0.0,0.0,0,0,0.0,0,0,0.0,0
2026-03-06T18:10:24,0,0,0,0.0,0,0,0.0,0.0,0.0,0.0,0.0,0.0,0,0,0.0,0,0,0.0,0
2026-03-06T18:10:27,0,0,0,0.0,0,0,0.0,0.0,0.0,0.0,0.0,0.0,0,0,0.0,0,0,0.0,0
2026-03-06T18:10:30,0,0,0,0.0,0,0,0.0,0.0,0.0,0.0,0.0,0.0,0,0,0.0,0,0,0.0,0
2026-03-06T18:10:33,0,0,0,0.0,0,0,0.0,0.0,0.0,0.0,0.0,0.0,0,0,0.0,0,0,0.0,0
2026-03-06T18:10:36,0,0,0,0.0,0,0,0.0,0.0,0.0,0.0,0.0,0.0,0,0,0.0,0,0,0.0,0
2026-03-06T18:10:39,0,0,0,0.0,0,0,0.0,0.0,0.0,0.0,0.0,0.0,0,0,0.0,0,0,0.0,0
2026-03-06T18:10:42,0,0,0,0.0,0,0,0.0,0.0,0.0,0.0,0.0,0.0,0,0,0.0,0,0,0.0,0
2026-03-06T18:10:45,0,0,0,0.0,0,0,0.0,0.0,0.0,0.0,0.0,0.0,0,0,0.0,0,0,0.0,0
2026-03-06T18:10:48,0,0,0,0.0,0,0,0.0,0.0,0.0,0.0,0.0,0.0,0,0,0.0,0,0,0.0,0
2026-03-06T18:10:51,0,0,0,0.0,0,0,0.0,0.0,0.0,0.0,0.0,0.0,0,0,0.0,0,0,0.0,0
2026-03-06T18:10:54,0,0,0,0.0,0,0,0.0,0.0,0.0,0.0,0.0,0.0,0,0,0.0,0,0,0.0,0
2026-03-06T18:10:57,0,0,0,0.0,0,0,0.0,0.0,0.0,0.0,0.0,0.0,0,0,0.0,0,0,0.0,0
2026-03-06T18:11:00,0,0,0,0.0,0,0,0.0,0.0,0.0,0.0,0.0,0.0,0,0,0.0,0,0,0.0,0
2026-03-06T18:11:03,0,0,0,0.0,0,0,0.0,0.0,0.0,0.0,0.0,0.0,0,0,0.0,0,0,0.0,0
2026-03-06T18:11:06,0,0,0,0.0,0,0,0.0,0.0,0.0,0.0,0.0,0.0,0,0,0.0,0,0,0.0,0
2026-03-06T18:11:09,0,0,0,0.0,0,0,0.0,0.0,0.0,0.0,0.0,0.0,0,0,0.0,0,0,0.0,0
2026-03-06T18:11:12,0,0,0,0.0,0,0,0.0,0.0,0.0,0.0,0.0,0.0,0,0,0.0,0,0,0.0,0
2026-03-06T18:11:15,0,0,0,0.0,0,0,0.0,0.0,0.0,0.0,0.0,0.0,0,0,0.0,0,0,0.0,0
2026-03-06T18:11:18,0,0,0,0.0,0,0,0.0,0.0,0.0,0.0,0.0,0.0,0,0,0.0,0,0,0.0,0
2026-03-06T18:11:21,0,0,0,0.0,0,0,0.0,0.0,0.0,0.0,0.0,0.0,0,0,0.0,0,0,0.0,0
2026-03-06T18:11:24,0,0,0,0.0,0,0,0.0,0.0,0.0,0.0,0.0,0.0,0,0,0.0,0,0,0.0,0
2026-03-06T18:11:27,0,0,0,0.0,0,0,0.0,0.0,0.0,0.0,0.0,0.0,0,0,0.0,0,0,0.0,0
2026-03-06T18:11:30,0,0,0,0.0,0,0,0.0,0.0,0.0,0.0,0.0,0.0,0,0,0.0,0,0,0.0,0
2026-03-06T18:11:33,0,0,0,0.0,0,0,0.0,0.0,0.0,0.0,0.0,0.0,0,0,0.0,0,0,0.0,0
2026-03-06T18:11:36,0,0,0,0.0,0,0,0.0,0.0,0.0,0.0,0.0,0.0,0,0,0.0,0,0,0.0,0
2026-03-06T18:11:39,0,0,0,0.0,0,0,0.0,0.0,0.0,0.0,0.0,0.0,0,0,0.0,0,0,0.0,0
2026-03-06T18:11:42,0,0,0,0.0,0,0,0.0,0.0,0.0,0.0,0.0,0.0,0,0,0.0,0,0,0.0,0
2026-03-06T18:11:45,0,0,0,0.0,0,0,0.0,0.0,0.0,0.0,0.0,0.0,0,0,0.0,0,0,0.0,0
2026-03-06T19:03:25,30420,29611,809,36.5568,0,29606,8838.8556,8603.792,235.0636,3.5525,3.5525,3.2539,18,18,0.1397,3042,0,1.0,0
2026-03-06T19:03:28,5070,4987,83,59.369,0,4987,1486.8608,1462.5196,24.3411,3.5095,3.5095,3.2265,15,15,0.1361,507,0,0.0,0
2026-03-06T19:03:32,41530,40219,1311,30.6547,0,40219,12605.9618,12208.0226,397.9392,3.4935,3.4935,3.2823,16,16,0.1541,4153,0,0.0625,0
2026-03-06T19:03:35,72530,70077,2453,28.5562,0,70077,23786.1815,22981.7213,804.4603,3.4869,3.4869,3.2671,15,15,0.151,7253,0,0.0,0
2026-03-06T19:03:38,59080,57229,1851,30.9012,0,57229,19201.7049,18600.1078,601.5971,3.4837,3.4837,3.2152,14,14,0.1496,5908,0,0.0714,0
2026-03-06T19:03:40,46870,45292,1578,28.684,0,45291,21940.0391,21201.3708,738.6683,3.4855,3.4855,3.2233,13,13,0.1543,4687,0,0.0,0
2026-03-06T19:10:31,0,0,0,0.0,0,0,0.0,0.0,0.0,0.0,0.0,0.0,0,0,0.0,0,0,0.0,0
2026-03-06T19:10:34,0,0,0,0.0,0,0,0.0,0.0,0.0,0.0,0.0,0.0,0,0,0.0,0,0,0.0,0
2026-03-06T19:10:37,41140,41130,10,3739.0909,0,41130,13509.4068,13506.123,3.2838,0.1435,0.1435,1.2334,4,4,0.9803,4114,0,1.0,0
2026-03-06T19:10:40,93940,93925,15,5870.3125,0,93925,30966.2398,30961.2952,4.9446,0.9343,0.9343,2.2719,7,7,0.8003,9394,0,0.4286,0
2026-03-06T19:10:43,96900,96885,15,6055.3125,0,96872,31719.5927,31714.6825,4.9102,1.915,1.915,2.7213,7,7,0.519,9690,0,0.1429,0
2026-03-06T19:10:46,98480,97281,1199,81.0675,0,97272,32492.4617,32096.864,395.5977,2.6503,2.6503,3.0909,15,15,0.3486,9848,0,0.5333,0
2026-03-06T19:10:49,98000,95743,2257,42.4017,0,95737,32366.9965,31621.5648,745.4317,3.1924,3.1924,3.5837,15,15,0.2305,9800,0,0.0,0
2026-03-06T19:10:52,95270,92889,2381,38.9962,0,92872,31416.392,30631.2295,785.1625,3.4876,3.4876,3.649,15,15,0.1654,9527,0,0.0,0
2026-03-06T19:10:55,86470,83779,2691,31.1215,0,83772,28229.3507,27350.8358,878.5149,3.6445,3.6445,3.6563,18,18,0.1586,8647,0,0.1667,0
2026-03-06T19:10:59,70310,68213,2097,32.5133,0,68210,23211.7566,22519.4645,692.292,3.7376,3.7376,3.5596,20,20,0.1264,7031,0,0.1,0
2026-03-06T19:11:02,64300,62317,1983,31.4098,0,62295,20936.6863,20291.0028,645.6835,3.7418,3.7418,3.5154,20,20,0.1344,6430,0,0.1,0
2026-03-06T19:11:05,72670,70398,2272,30.9714,0,70393,23848.1287,23102.526,745.6027,3.7194,3.7194,3.4958,18,18,0.1391,7267,0,0.0556,0
2026-03-06T19:11:08,61820,60064,1756,34.1855,0,60064,20213.6708,19639.5006,574.1703,3.6781,3.6781,3.4641,15,15,0.1532,6182,0,0.0,0
2026-03-06T19:11:09,22500,21708,792,27.3745,0,21708,26840.5605,25895.7727,944.7877,3.6862,3.6862,3.4567,15,15,0.1556,2250,0,0.0,0
2026-03-06T19:34:54,0,0,0,0.0,0,0,0.0,0.0,0.0,0.0,0.0,0.0,0,0,0.0,0,0,0.0,0
2026-03-06T19:34:58,30370,30360,10,2760.0,0,30360,9020.0361,9017.066,2.97,0.2206,0.2206,1.5415,4,4,0.9658,3037,0,1.0,0
2026-03-06T19:35:01,42680,42660,20,2031.4286,0,42653,13931.4243,13924.8959,6.5283,0.9686,0.9686,2.1838,6,6,0.7983,4268,0,0.3333,0
2026-03-06T19:35:04,42630,42615,15,2663.4375,0,42604,13727.8473,13723.017,4.8303,1.6445,1.6445,2.6535,7,7,0.6108,4263,0,0.1429,0
2026-03-06T19:35:07,43530,43448,82,523.4699,0,43444,14244.0011,14217.1688,26.8323,2.2368,2.2368,2.7957,13,13,0.4572,4353,0,0.5385,0
2026-03-06T19:35:10,0,0,0,0.0,0,0,0.0,0.0,0.0,0.0,0.0,0.0,0,0,0.0,0,0,0.0,0
2026-03-06T19:35:13,0,0,0,0.0,0,0,0.0,0.0,0.0,0.0,0.0,0.0,0,0,0.0,0,0,0.0,0
2026-03-06T19:35:16,0,0,0,0.0,0,0,0.0,0.0,0.0,0.0,0.0,0.0,0,0,0.0,0,0,0.0,0
2026-03-06T22:41:29,0,0,0,0.0,0,0,0.0,0.0,0.0,0.0,0.0,0.0,0,0,0.0,0,0,0.0,0
2026-03-06T22:41:32,0,0,0,0.0,0,0,0.0,0.0,0.0,0.0,0.0,0.0,0,0,0.0,0,0,0.0,0
2026-03-06T22:41:35,0,0,0,0.0,0,0,0.0,0.0,0.0,0.0,0.0,0.0,0,0,0.0,0,0,0.0,0
2026-03-06T22:41:38,740,740,0,740.0,0,740,246.2945,246.2945,0.0,-0.0,-0.0,-0.0,1,1,1.0,74,0,1.0,0
2026-03-06T22:41:41,85410,85410,0,85410.0,0,85410,28100.2259,28100.2259,0.0,-0.0,-0.0,-0.0,1,1,1.0,8541,0,0.0,0
2026-03-06T22:41:45,84690,84690,0,84690.0,0,84690,27887.6136,27887.6136,0.0,-0.0,-0.0,-0.0,1,1,1.0,8469,0,0.0,0
2026-03-06T22:41:48,75560,75560,0,75560.0,0,75560,24689.5638,24689.5638,0.0,-0.0,-0.0,-0.0,1,1,1.0,7556,0,0.0,0
2026-03-06T22:41:51,83370,83370,0,83370.0,0,83370,27485.7477,27485.7477,0.0,-0.0,-0.0,-0.0,1,1,1.0,8337,0,0.0,0
2026-03-06T22:41:54,82690,82690,0,82690.0,0,82690,27292.5597,27292.5597,0.0,-0.0,-0.0,-0.0,1,1,1.0,8269,0,0.0,0
2026-03-06T22:41:55,32750,32750,0,32750.0,0,32750,28113.6256,28113.6256,0.0,-0.0,-0.0,-0.0,1,1,1.0,3275,0,0.0,0
2026-03-06T22:44:08,21150,21150,0,21150.0,0,21150,6267.403,6267.403,0.0,-0.0,-0.0,-0.0,1,1,1.0,2115,0,1.0,0
2026-03-06T22:44:11,0,0,0,0.0,0,0,0.0,0.0,0.0,0.0,0.0,0.0,0,0,0.0,0,0,0.0,0
2026-03-06T22:44:14,0,0,0,0.0,0,0,0.0,0.0,0.0,0.0,0.0,0.0,0,0,0.0,0,0,0.0,0
2026-03-06T22:44:51,0,0,0,0.0,0,0,0.0,0.0,0.0,0.0,0.0,0.0,0,0,0.0,0,0,0.0,0
2026-03-06T22:44:54,0,0,0,0.0,0,0,0.0,0.0,0.0,0.0,0.0,0.0,0,0,0.0,0,0,0.0,0
2026-03-06T22:44:57,0,0,0,0.0,0,0,0.0,0.0,0.0,0.0,0.0,0.0,0,0,0.0,0,0,0.0,0
2026-03-06T22:45:00,44730,44730,0,44730.0,0,44730,14822.8353,14822.8353,0.0,-0.0,-0.0,-0.0,1,1,1.0,4473,0,1.0,0
2026-03-06T22:45:03,79310,79310,0,79310.0,0,79310,26105.2728,26105.2728,0.0,-0.0,-0.0,-0.0,1,1,1.0,7931,0,0.0,0
2026-03-06T22:45:06,88040,88040,0,88040.0,0,88040,28947.341,28947.341,0.0,-0.0,-0.0,-0.0,1,1,1.0,8804,0,0.0,0
2026-03-06T22:45:09,65200,65200,0,65200.0,0,65200,21581.1426,21581.1426,0.0,-0.0,-0.0,-0.0,1,1,1.0,6520,0,0.0,0
2026-03-06T22:45:12,0,0,0,0.0,0,0,0.0,0.0,0.0,0.0,0.0,0.0,0,0,0.0,0,0,0.0,0
2026-03-06T22:45:15,0,0,0,0.0,0,0,0.0,0.0,0.0,0.0,0.0,0.0,0,0,0.0,0,0,0.0,0
2026-03-06T22:45:18,0,0,0,0.0,0,0,0.0,0.0,0.0,0.0,0.0,0.0,0,0,0.0,0,0,0.0,0
2026-03-06T22:45:21,0,0,0,0.0,0,0,0.0,0.0,0.0,0.0,0.0,0.0,0,0,0.0,0,0,0.0,0
2026-03-06T22:45:24,0,0,0,0.0,0,0,0.0,0.0,0.0,0.0,0.0,0.0,0,0,0.0,0,0,0.0,0
2026-03-06T22:45:27,0,0,0,0.0,0,0,0.0,0.0,0.0,0.0,0.0,0.0,0,0,0.0,0,0,0.0,0
2026-03-06T22:45:30,0,0,0,0.0,0,0,0.0,0.0,0.0,0.0,0.0,0.0,0,0,0.0,0,0,0.0,0
2026-03-06T22:45:33,0,0,0,0.0,0,0,0.0,0.0,0.0,0.0,0.0,0.0,0,0,0.0,0,0,0.0,0
2026-03-06T22:45:36,0,0,0,0.0,0,0,0.0,0.0,0.0,0.0,0.0,0.0,0,0,0.0,0,0,0.0,0
2026-03-06T22:45:39,0,0,0,0.0,0,0,0.0,0.0,0.0,0.0,0.0,0.0,0,0,0.0,0,0,0.0,0
2026-03-06T22:45:42,0,0,0,0.0,0,0,0.0,0.0,0.0,0.0,0.0,0.0,0,0,0.0,0,0,0.0,0
2026-03-06T22:45:45,0,0,0,0.0,0,0,0.0,0.0,0.0,0.0,0.0,0.0,0,0,0.0,0,0,0.0,0
2026-03-06T22:45:48,0,0,0,0.0,0,0,0.0,0.0,0.0,0.0,0.0,0.0,0,0,0.0,0,0,0.0,0
2026-03-06T22:45:51,0,0,0,0.0,0,0,0.0,0.0,0.0,0.0,0.0,0.0,0,0,0.0,0,0,0.0,0
2026-03-06T22:45:54,0,0,0,0.0,0,0,0.0,0.0,0.0,0.0,0.0,0.0,0,0,0.0,0,0,0.0,0
2026-03-06T22:45:57,0,0,0,0.0,0,0,0.0,0.0,0.0,0.0,0.0,0.0,0,0,0.0,0,0,0.0,0
2026-03-06T22:46:00,0,0,0,0.0,0,0,0.0,0.0,0.0,0.0,0.0,0.0,0,0,0.0,0,0,0.0,0
2026-03-06T22:46:15,26080,25349,731,34.6298,0,25349,7649.9416,7435.5203,214.4213,3.527,3.527,3.5123,15,15,0.1733,2608,0,1.0,0
2026-03-06T22:46:18,3350,3233,117,27.3983,0,3233,1088.554,1050.5358,38.0182,3.596,3.596,3.4888,15,15,0.1522,335,0,0.0,0
2026-03-06T22:46:21,4700,4575,125,36.3095,0,4575,1302.2104,1267.5772,34.6333,3.5424,3.5424,3.4713,15,15,0.183,470,0,0.0,0
2026-03-06T22:46:25,73370,70945,2425,29.2436,0,70945,24125.7431,23328.3473,797.3958,3.5486,3.5486,3.5231,16,16,0.1828,7337,0,0.0625,0
2026-03-06T22:46:28,75780,73407,2373,30.9212,0,73405,24886.2059,24106.911,779.2949,3.5545,3.5545,3.5236,16,16,0.1843,7578,0,0.0,0
2026-03-06T22:46:31,71740,69627,2113,32.9361,0,69627,23410.1356,22720.6233,689.5124,3.5257,3.5257,3.5059,15,15,0.1808,7174,0,0.0,0
2026-03-06T22:46:34,68390,66469,1921,34.5832,0,66469,22306.0749,21679.5218,626.5532,3.5099,3.5099,3.515,15,15,0.1886,6839,0,0.0,0
2026-03-06T22:46:37,71180,69237,1943,35.6157,0,69237,23606.853,22962.4569,644.3961,3.5454,3.5454,3.4986,15,15,0.1863,7118,0,0.0,0
2026-03-06T22:46:40,71970,69892,2078,33.6181,0,69892,23491.3116,22813.0436,678.268,3.5493,3.5493,3.5287,15,15,0.1806,7197,0,0.0,0
2026-03-06T22:46:43,75870,73433,2437,30.1202,0,73433,24781.5657,23985.5636,796.0021,3.5264,3.5264,3.5404,16,16,0.1845,7587,0,0.0625,0
2026-03-06T22:46:46,70080,67797,2283,29.6835,0,67797,22940.673,22193.3334,747.3396,3.5251,3.5251,3.5456,15,15,0.1896,7008,0,0.0,0
2026-03-06T22:46:49,63630,61634,1996,30.8633,0,61634,24082.1347,23326.7058,755.4289,3.4934,3.4934,3.5274,15,15,0.1947,6363,0,0.0,0
2026-03-06T22:52:18,0,0,0,0.0,0,0,0.0,0.0,0.0,0.0,0.0,0.0,0,0,0.0,0,0,0.0,0
2026-03-06T22:52:21,0,0,0,0.0,0,0,0.0,0.0,0.0,0.0,0.0,0.0,0,0,0.0,0,0,0.0,0
2026-03-06T22:52:24,40260,40250,10,3659.0909,0,40250,13137.5915,13134.3283,3.2632,0.1692,0.1692,1.345,4,4,0.9757,4026,0,1.0,0
2026-03-06T22:52:27,76830,76815,15,4800.9375,0,76815,25240.0026,25235.0748,4.9278,1.0656,1.0656,2.2726,7,7,0.7895,7683,0,0.4286,0
2026-03-06T22:52:30,83250,83164,86,955.908,0,83147,27480.9543,27452.5655,28.3887,2.0879,2.0879,2.747,13,13,0.5035,8325,0,0.4615,0
2026-03-06T22:52:34,94600,93014,1586,58.61,0,93004,31179.4369,30656.7035,522.7335,2.8306,2.8306,3.2005,15,15,0.3332,9460,0,0.2,0
2026-03-06T22:52:37,92190,89845,2345,38.2971,0,89838,30403.9914,29630.6173,773.3741,3.2845,3.2845,3.5823,15,15,0.2292,9219,0,0.0,0
2026-03-06T22:52:40,79890,77616,2274,34.1169,0,77604,26234.762,25488.0121,746.7499,3.4614,3.4614,3.681,15,15,0.1815,7989,0,0.0,0
2026-03-06T22:52:43,76020,73747,2273,32.4305,0,73739,24674.3067,23936.5443,737.7624,3.598,3.598,3.6474,20,20,0.1535,7602,0,0.25,0
2026-03-06T22:52:46,14000,13789,211,65.0425,0,13789,4664.3073,4594.0095,70.2978,3.548,3.548,3.5864,15,15,0.1736,1400,0,0.0,0
2026-03-06T22:52:49,0,0,0,0.0,0,0,0.0,0.0,0.0,0.0,0.0,0.0,0,0,0.0,0,0,0.0,0
2026-03-06T22:52:52,0,0,0,0.0,0,0,0.0,0.0,0.0,0.0,0.0,0.0,0,0,0.0,0,0,0.0,0
2026-03-06T22:52:55,0,0,0,0.0,0,0,0.0,0.0,0.0,0.0,0.0,0.0,0,0,0.0,0,0,0.0,0
2026-03-06T22:52:58,0,0,0,0.0,0,0,0.0,0.0,0.0,0.0,0.0,0.0,0,0,0.0,0,0,0.0,0
2026-03-06T22:53:01,0,0,0,0.0,0,0,0.0,0.0,0.0,0.0,0.0,0.0,0,0,0.0,0,0,0.0,0
2026-03-06T22:53:04,0,0,0,0.0,0,0,0.0,0.0,0.0,0.0,0.0,0.0,0,0,0.0,0,0,0.0,0
2026-03-06T22:53:07,0,0,0,0.0,0,0,0.0,0.0,0.0,0.0,0.0,0.0,0,0,0.0,0,0,0.0,0
2026-03-06T22:53:10,0,0,0,0.0,0,0,0.0,0.0,0.0,0.0,0.0,0.0,0,0,0.0,0,0,0.0,0
2026-03-06T22:53:13,0,0,0,0.0,0,0,0.0,0.0,0.0,0.0,0.0,0.0,0,0,0.0,0,0,0.0,0
2026-03-06T22:53:16,0,0,0,0.0,0,0,0.0,0.0,0.0,0.0,0.0,0.0,0,0,0.0,0,0,0.0,0
2026-03-06T22:53:19,0,0,0,0.0,0,0,0.0,0.0,0.0,0.0,0.0,0.0,0,0,0.0,0,0,0.0,0
2026-03-06T22:53:22,0,0,0,0.0,0,0,0.0,0.0,0.0,0.0,0.0,0.0,0,0,0.0,0,0,0.0,0
2026-03-06T22:53:25,0,0,0,0.0,0,0,0.0,0.0,0.0,0.0,0.0,0.0,0,0,0.0,0,0,0.0,0
2026-03-06T22:53:28,0,0,0,0.0,0,0,0.0,0.0,0.0,0.0,0.0,0.0,0,0,0.0,0,0,0.0,0
2026-03-06T22:53:43,0,0,0,0.0,0,0,0.0,0.0,0.0,0.0,0.0,0.0,0,0,0.0,0,0,0.0,0
2026-03-06T22:53:46,0,0,0,0.0,0,0,0.0,0.0,0.0,0.0,0.0,0.0,0,0,0.0,0,0,0.0,0
2026-03-06T22:53:49,43380,43380,0,43380.0,0,43380,14326.0246,14326.0246,0.0,-0.0,-0.0,-0.0,1,1,1.0,4338,0,1.0,0
2026-03-06T22:53:52,87770,87770,0,87770.0,0,87770,29004.348,29004.348,0.0,-0.0,-0.0,-0.0,1,1,1.0,8777,0,0.0,0
2026-03-06T22:53:55,80370,80370,0,80370.0,0,80370,26603.9508,26603.9508,0.0,-0.0,-0.0,-0.0,1,1,1.0,8037,0,0.0,0
2026-03-06T22:53:58,87230,87230,0,87230.0,0,87230,28753.622,28753.622,0.0,-0.0,-0.0,-0.0,1,1,1.0,8723,0,0.0,0
2026-03-06T22:54:01,83160,83160,0,83160.0,0,83160,27418.3503,27418.3503,0.0,-0.0,-0.0,-0.0,1,1,1.0,8316,0,0.0,0
2026-03-06T22:54:04,78910,78910,0,78910.0,0,78910,26113.9246,26113.9246,0.0,-0.0,-0.0,-0.0,1,1,1.0,7891,0,0.0,0
2026-03-06T22:54:07,82270,82270,0,82270.0,0,82270,27085.6334,27085.6334,0.0,-0.0,-0.0,-0.0,1,1,1.0,8227,0,0.0,0
2026-03-06T22:54:10,61580,61580,0,61580.0,0,61580,20346.7399,20346.7399,0.0,-0.0,-0.0,-0.0,1,1,1.0,6158,0,0.0,0
2026-03-06T22:54:13,69700,69700,0,69700.0,0,69700,22853.9904,22853.9904,0.0,-0.0,-0.0,-0.0,1,1,1.0,6970,0,0.0,0
2026-03-06T22:54:17,66220,66220,0,66220.0,0,66220,21600.4966,21600.4966,0.0,-0.0,-0.0,-0.0,1,1,1.0,6622,0,0.0,0
2026-03-06T22:54:20,63240,63240,0,63240.0,0,63240,20928.5262,20928.5262,0.0,-0.0,-0.0,-0.0,1,1,1.0,6324,0,0.0,0
2026-03-06T22:54:23,66720,66720,0,66720.0,0,66720,21820.5187,21820.5187,0.0,-0.0,-0.0,-0.0,1,1,1.0,6672,0,0.0,0
2026-03-06T22:54:26,60130,60130,0,60130.0,0,60130,19876.8973,19876.8973,0.0,-0.0,-0.0,-0.0,1,1,1.0,6013,0,0.0,0
2026-03-06T22:54:29,57570,57570,0,57570.0,0,57570,18957.8964,18957.8964,0.0,-0.0,-0.0,-0.0,1,1,1.0,5757,0,0.0,0
2026-03-06T22:54:31,43650,43650,0,43650.0,0,43650,20274.0306,20274.0306,0.0,-0.0,-0.0,-0.0,1,1,1.0,4365,0,0.0,0
2026-03-08T12:34:51,0,0,0,0.0,0,0,0.0,0.0,0.0,0.0,0.0,0.0,0,0,0.0,0,0,0.0,0
2026-03-08T12:34:54,0,0,0,0.0,0,0,0.0,0.0,0.0,0.0,0.0,0.0,0,0,0.0,0,0,0.0,0
2026-03-08T12:34:57,830,830,0,830.0,0,830,276.444,276.444,0.0,-0.0,-0.0,0.4408,1,1,1.0,83,0,1.0,0
2026-03-08T12:35:00,76370,76350,20,3635.7143,0,76350,24541.9701,24535.543,6.4271,0.4513,0.4513,1.6891,6,6,0.9293,7637,0,0.8333,0
2026-03-08T12:35:03,86160,86141,19,4307.05,0,86128,28309.3906,28303.1478,6.2428,1.7162,1.7162,2.6485,7,7,0.5992,8616,0,0.1429,0
2026-03-08T12:35:06,77280,76942,338,226.9676,0,76933,25519.6034,25407.9881,111.6152,2.411,2.411,2.8887,15,15,0.4055,7728,0,0.6,0
2026-03-08T12:35:56,0,0,0,0.0,0,0,0.0,0.0,0.0,0.0,0.0,0.0,0,0,0.0,0,0,0.0,0
2026-03-08T12:35:59,0,0,0,0.0,0,0,0.0,0.0,0.0,0.0,0.0,0.0,0,0,0.0,0,0,0.0,0
2026-03-08T12:36:02,0,0,0,0.0,0,0,0.0,0.0,0.0,0.0,0.0,0.0,0,0,0.0,0,0,0.0,0
2026-03-08T12:36:05,0,0,0,0.0,0,0,0.0,0.0,0.0,0.0,0.0,0.0,0,0,0.0,0,0,0.0,0
2026-03-08T12:36:08,0,0,0,0.0,0,0,0.0,0.0,0.0,0.0,0.0,0.0,0,0,0.0,0,0,0.0,0
2026-03-08T12:36:11,0,0,0,0.0,0,0,0.0,0.0,0.0,0.0,0.0,0.0,0,0,0.0,0,0,0.0,0
2026-03-08T12:36:14,0,0,0,0.0,0,0,0.0,0.0,0.0,0.0,0.0,0.0,0,0,0.0,0,0,0.0,0
2026-03-08T12:36:17,0,0,0,0.0,0,0,0.0,0.0,0.0,0.0,0.0,0.0,0,0,0.0,0,0,0.0,0
2026-03-08T12:36:20,0,0,0,0.0,0,0,0.0,0.0,0.0,0.0,0.0,0.0,0,0,0.0,0,0,0.0,0
2026-03-08T12:36:23,0,0,0,0.0,0,0,0.0,0.0,0.0,0.0,0.0,0.0,0,0,0.0,0,0,0.0,0
2026-03-08T12:36:26,0,0,0,0.0,0,0,0.0,0.0,0.0,0.0,0.0,0.0,0,0,0.0,0,0,0.0,0
2026-03-08T12:36:29,0,0,0,0.0,0,0,0.0,0.0,0.0,0.0,0.0,0.0,0,0,0.0,0,0,0.0,0
2026-03-08T12:36:32,0,0,0,0.0,0,0,0.0,0.0,0.0,0.0,0.0,0.0,0,0,0.0,0,0,0.0,0
2026-03-08T12:36:35,0,0,0,0.0,0,0,0.0,0.0,0.0,0.0,0.0,0.0,0,0,0.0,0,0,0.0,0
2026-03-08T12:36:38,0,0,0,0.0,0,0,0.0,0.0,0.0,0.0,0.0,0.0,0,0,0.0,0,0,0.0,0
2026-03-08T12:36:41,0,0,0,0.0,0,0,0.0,0.0,0.0,0.0,0.0,0.0,0,0,0.0,0,0,0.0,0
2026-03-08T12:36:44,0,0,0,0.0,0,0,0.0,0.0,0.0,0.0,0.0,0.0,0,0,0.0,0,0,0.0,0
2026-03-08T12:37:05,0,0,0,0.0,0,0,0.0,0.0,0.0,0.0,0.0,0.0,0,0,0.0,0,0,0.0,0
2026-03-08T12:37:08,0,0,0,0.0,0,0,0.0,0.0,0.0,0.0,0.0,0.0,0,0,0.0,0,0,0.0,0
2026-03-08T12:37:11,15890,15880,10,1443.6364,0,15880,5278.1091,5274.7874,3.3217,0.051,0.051,1.3751,4,4,0.995,1589,0,1.0,0
2026-03-08T12:37:14,81320,81305,15,5081.5625,0,81305,26763.0012,26758.0646,4.9366,0.9645,0.9645,2.3175,7,7,0.8018,8132,0,0.4286,0
2026-03-08T12:37:18,75810,75796,14,5053.0667,0,75783,24779.4856,24774.9096,4.5761,1.8775,1.8775,2.694,8,8,0.5552,7581,0,0.125,0
2026-03-08T12:37:21,38780,38622,158,242.9057,0,38613,12903.1951,12850.624,52.571,2.3889,2.3889,2.8398,14,14,0.394,3878,0,0.5,0
2026-03-08T12:37:24,0,0,0,0.0,0,0,0.0,0.0,0.0,0.0,0.0,0.0,0,0,0.0,0,0,0.0,0
2026-03-08T12:37:27,0,0,0,0.0,0,0,0.0,0.0,0.0,0.0,0.0,0.0,0,0,0.0,0,0,0.0,0
2026-03-08T12:37:30,0,0,0,0.0,0,0,0.0,0.0,0.0,0.0,0.0,0.0,0,0,0.0,0,0,0.0,0
2026-03-08T12:37:33,0,0,0,0.0,0,0,0.0,0.0,0.0,0.0,0.0,0.0,0,0,0.0,0,0,0.0,0
2026-03-08T13:11:43,0,0,0,0.0,0,0,0.0,0.0,0.0,0.0,0.0,0.0,0,0,0.0,0,0,0.0,0
2026-03-08T13:11:46,54080,54065,15,3379.0625,0,54065,17652.0116,17647.1155,4.8961,0.3529,0.3529,1.5968,5,5,0.9438,5408,0,1.0,0
2026-03-08T13:11:49,68990,68975,15,4310.9375,0,68972,22738.08,22733.1362,4.9438,1.3438,1.3438,2.5204,7,7,0.7042,6899,0,0.2857,0
2026-03-08T13:11:52,78590,78246,344,226.8,0,78227,25897.181,25783.8252,113.3558,2.2986,2.2986,2.8395,16,16,0.4474,7859,0,0.5625,0
2026-03-08T13:11:55,73890,72338,1552,46.5795,0,72333,24298.8036,23788.4268,510.3768,2.9107,2.9107,3.3824,15,15,0.3048,7389,0,0.0,0
2026-03-08T13:11:58,80340,78149,2191,35.6519,0,78136,26306.324,25588.9085,717.4154,3.2542,3.2542,3.6401,15,15,0.2194,8034,0,0.0,0
2026-03-08T13:12:01,79330,76901,2429,31.6465,0,76892,26265.8897,25461.6561,804.2335,3.436,3.436,3.6634,16,16,0.1677,7933,0,0.0625,0
2026-03-08T13:12:05,80510,77579,2931,26.4594,0,77574,26434.6484,25472.284,962.3644,3.4749,3.4749,3.6545,19,19,0.1458,8051,0,0.1579,0
2026-03-08T13:12:08,80110,77560,2550,30.4038,0,77546,26200.9291,25366.9213,834.0079,3.4885,3.4885,3.64,21,21,0.1363,8011,0,0.1429,0
2026-03-08T13:12:08,6990,6753,237,28.3739,0,6753,26895.3447,25983.4425,911.9022,3.4737,3.4737,3.633,15,15,0.1359,699,0,0.0,0
2026-03-08T13:12:32,0,0,0,0.0,0,0,0.0,0.0,0.0,0.0,0.0,0.0,0,0,0.0,0,0,0.0,1
2026-03-08T13:12:35,7090,7085,5,1180.8333,0,7085,2357.1972,2355.5349,1.6623,0.0154,0.0154,0.8632,2,2,0.9986,709,0,1.0,1
2026-03-08T13:12:38,70180,70165,15,4385.3125,0,70165,22422.1463,22417.3539,4.7924,0.6358,0.6358,1.8116,6,6,0.8887,7018,0,0.6667,1
2026-03-08T13:12:41,73740,73721,19,3686.05,0,73708,24340.2805,24334.0089,6.2716,1.8109,1.8109,2.6305,8,8,0.5761,7374,0,0.25,1
2026-03-08T13:12:44,82250,80936,1314,61.5483,0,80927,27020.9423,26589.2642,431.678,2.6699,2.6699,3.1498,15,15,0.3731,8225,0,0.5333,1
2026-03-08T13:12:47,75920,73788,2132,34.5935,0,73779,24867.5516,24169.2163,698.3354,3.225,3.225,3.5635,15,15,0.2508,7592,0,0.0,1
2026-03-08T13:12:50,77450,75323,2127,35.3961,0,75313,25209.0214,24516.7091,692.3123,3.5061,3.5061,3.6234,15,15,0.1637,7745,0,0.0,1
2026-03-08T13:12:53,80480,77802,2678,29.0414,0,77793,26150.6946,25280.5212,870.1735,3.635,3.635,3.6082,20,20,0.1599,8048,0,0.25,1
2026-03-08T13:12:56,77230,74879,2351,31.8363,0,74871,25376.6848,24604.1794,772.5053,3.6672,3.6672,3.5695,22,22,0.1585,7723,0,0.0909,1
2026-03-08T13:12:59,71070,69259,1811,38.2224,0,69244,23172.4765,22581.9973,590.4792,3.6361,3.6361,3.5652,19,19,0.1645,7107,0,0.0526,1
2026-03-08T13:13:03,67030,64943,2087,31.103,0,64938,21873.2405,21192.2103,681.0302,3.6052,3.6052,3.5494,16,16,0.1665,6703,0,0.0625,1
2026-03-08T13:13:06,63770,61448,2322,26.452,0,61446,21015.7249,20250.4981,765.2268,3.5917,3.5917,3.5565,16,16,0.1579,6377,0,0.0625,1
2026-03-08T13:13:09,66340,64334,2006,32.0548,0,64332,21775.9483,21117.4835,658.4648,3.5727,3.5727,3.5725,15,15,0.1749,6634,0,0.0,1
2026-03-08T13:13:09,13810,13349,461,28.8939,0,13349,23021.8298,22253.3241,768.5057,3.6141,3.6141,3.5366,15,15,0.147,1381,0,0.0,1
2026-03-08T13:16:58,0,0,0,0.0,0,0,0.0,0.0,0.0,0.0,0.0,0.0,0,0,0.0,0,0,0.0,1
2026-03-08T13:17:01,0,0,0,0.0,0,0,0.0,0.0,0.0,0.0,0.0,0.0,0,0,0.0,0,0,0.0,1
2026-03-08T13:17:04,27280,27270,10,2479.0909,0,27270,9044.6344,9041.319,3.3155,0.1285,0.1285,1.5887,4,4,0.9831,2728,0,1.0,1
2026-03-08T13:17:07,68960,68945,15,4309.0625,0,68945,22606.1749,22601.2577,4.9172,0.989,0.989,2.2785,7,7,0.8087,6896,0,0.4286,1
2026-03-08T13:17:10,52870,52856,14,3523.7333,0,52843,17311.4094,17306.8253,4.5841,1.9235,1.9235,2.6776,8,8,0.5542,5287,0,0.125,1
2026-03-08T13:17:13,0,0,0,0.0,0,0,0.0,0.0,0.0,0.0,0.0,0.0,0,0,0.0,0,0,0.0,1
2026-03-08T13:17:16,0,0,0,0.0,0,0,0.0,0.0,0.0,0.0,0.0,0.0,0,0,0.0,0,0,0.0,1
2026-03-08T13:17:19,0,0,0,0.0,0,0,0.0,0.0,0.0,0.0,0.0,0.0,0,0,0.0,0,0,0.0,1
2026-03-08T13:17:22,0,0,0,0.0,0,0,0.0,0.0,0.0,0.0,0.0,0.0,0,0,0.0,0,0,0.0,1
2026-03-08T13:17:25,0,0,0,0.0,0,0,0.0,0.0,0.0,0.0,0.0,0.0,0,0,0.0,0,0,0.0,1
2026-03-08T13:17:28,0,0,0,0.0,0,0,0.0,0.0,0.0,0.0,0.0,0.0,0,0,0.0,0,0,0.0,1
2026-03-08T13:17:31,0,0,0,0.0,0,0,0.0,0.0,0.0,0.0,0.0,0.0,0,0,0.0,0,0,0.0,1
2026-03-08T13:17:34,0,0,0,0.0,0,0,0.0,0.0,0.0,0.0,0.0,0.0,0,0,0.0,0,0,0.0,1
2026-03-08T13:17:37,0,0,0,0.0,0,0,0.0,0.0,0.0,0.0,0.0,0.0,0,0,0.0,0,0,0.0,1
2026-03-08T13:17:40,0,0,0,0.0,0,0,0.0,0.0,0.0,0.0,0.0,0.0,0,0,0.0,0,0,0.0,1
2026-03-08T13:17:43,0,0,0,0.0,0,0,0.0,0.0,0.0,0.0,0.0,0.0,0,0,0.0,0,0,0.0,1
2026-03-08T13:17:46,0,0,0,0.0,0,0,0.0,0.0,0.0,0.0,0.0,0.0,0,0,0.0,0,0,0.0,1
2026-03-08T13:17:49,0,0,0,0.0,0,0,0.0,0.0,0.0,0.0,0.0,0.0,0,0,0.0,0,0,0.0,1
2026-03-08T13:17:52,0,0,0,0.0,0,0,0.0,0.0,0.0,0.0,0.0,0.0,0,0,0.0,0,0,0.0,1
2026-03-08T13:17:55,0,0,0,0.0,0,0,0.0,0.0,0.0,0.0,0.0,0.0,0,0,0.0,0,0,0.0,1
2026-03-08T13:17:58,0,0,0,0.0,0,0,0.0,0.0,0.0,0.0,0.0,0.0,0,0,0.0,0,0,0.0,1
2026-03-08T13:18:01,0,0,0,0.0,0,0,0.0,0.0,0.0,0.0,0.0,0.0,0,0,0.0,0,0,0.0,1
2026-03-08T13:18:04,0,0,0,0.0,0,0,0.0,0.0,0.0,0.0,0.0,0.0,0,0,0.0,0,0,0.0,1
2026-03-08T13:18:07,0,0,0,0.0,0,0,0.0,0.0,0.0,0.0,0.0,0.0,0,0,0.0,0,0,0.0,1
2026-03-08T13:18:10,0,0,0,0.0,0,0,0.0,0.0,0.0,0.0,0.0,0.0,0,0,0.0,0,0,0.0,1
2026-03-08T13:18:13,0,0,0,0.0,0,0,0.0,0.0,0.0,0.0,0.0,0.0,0,0,0.0,0,0,0.0,1
2026-03-08T13:18:16,0,0,0,0.0,0,0,0.0,0.0,0.0,0.0,0.0,0.0,0,0,0.0,0,0,0.0,1
2026-03-08T13:18:19,0,0,0,0.0,0,0,0.0,0.0,0.0,0.0,0.0,0.0,0,0,0.0,0,0,0.0,1
2026-03-08T13:18:22,0,0,0,0.0,0,0,0.0,0.0,0.0,0.0,0.0,0.0,0,0,0.0,0,0,0.0,1
2026-03-08T13:18:25,0,0,0,0.0,0,0,0.0,0.0,0.0,0.0,0.0,0.0,0,0,0.0,0,0,0.0,1
2026-03-08T13:18:28,0,0,0,0.0,0,0,0.0,0.0,0.0,0.0,0.0,0.0,0,0,0.0,0,0,0.0,1
2026-03-08T13:18:31,0,0,0,0.0,0,0,0.0,0.0,0.0,0.0,0.0,0.0,0,0,0.0,0,0,0.0,1
2026-03-08T13:18:34,0,0,0,0.0,0,0,0.0,0.0,0.0,0.0,0.0,0.0,0,0,0.0,0,0,0.0,1
2026-03-08T13:18:37,0,0,0,0.0,0,0,0.0,0.0,0.0,0.0,0.0,0.0,0,0,0.0,0,0,0.0,1
2026-03-08T13:18:40,0,0,0,0.0,0,0,0.0,0.0,0.0,0.0,0.0,0.0,0,0,0.0,0,0,0.0,1
2026-03-08T13:18:43,0,0,0,0.0,0,0,0.0,0.0,0.0,0.0,0.0,0.0,0,0,0.0,0,0,0.0,1
2026-03-08T13:18:46,0,0,0,0.0,0,0,0.0,0.0,0.0,0.0,0.0,0.0,0,0,0.0,0,0,0.0,1
2026-03-08T13:18:49,0,0,0,0.0,0,0,0.0,0.0,0.0,0.0,0.0,0.0,0,0,0.0,0,0,0.0,1
2026-03-08T13:18:52,0,0,0,0.0,0,0,0.0,0.0,0.0,0.0,0.0,0.0,0,0,0.0,0,0,0.0,1
2026-03-08T13:18:55,0,0,0,0.0,0,0,0.0,0.0,0.0,0.0,0.0,0.0,0,0,0.0,0,0,0.0,1
2026-03-08T13:18:58,0,0,0,0.0,0,0,0.0,0.0,0.0,0.0,0.0,0.0,0,0,0.0,0,0,0.0,1
2026-03-08T13:19:01,0,0,0,0.0,0,0,0.0,0.0,0.0,0.0,0.0,0.0,0,0,0.0,0,0,0.0,1
2026-03-08T13:19:04,0,0,0,0.0,0,0,0.0,0.0,0.0,0.0,0.0,0.0,0,0,0.0,0,0,0.0,1
2026-03-08T13:19:07,0,0,0,0.0,0,0,0.0,0.0,0.0,0.0,0.0,0.0,0,0,0.0,0,0,0.0,1
2026-03-08T13:19:10,0,0,0,0.0,0,0,0.0,0.0,0.0,0.0,0.0,0.0,0,0,0.0,0,0,0.0,1
2026-03-08T13:19:13,0,0,0,0.0,0,0,0.0,0.0,0.0,0.0,0.0,0.0,0,0,0.0,0,0,0.0,1
2026-03-08T13:19:16,0,0,0,0.0,0,0,0.0,0.0,0.0,0.0,0.0,0.0,0,0,0.0,0,0,0.0,1
2026-03-08T13:19:19,0,0,0,0.0,0,0,0.0,0.0,0.0,0.0,0.0,0.0,0,0,0.0,0,0,0.0,1
2026-03-08T13:19:22,0,0,0,0.0,0,0,0.0,0.0,0.0,0.0,0.0,0.0,0,0,0.0,0,0,0.0,1
2026-03-08T13:19:25,0,0,0,0.0,0,0,0.0,0.0,0.0,0.0,0.0,0.0,0,0,0.0,0,0,0.0,1
2026-03-08T13:19:28,0,0,0,0.0,0,0,0.0,0.0,0.0,0.0,0.0,0.0,0,0,0.0,0,0,0.0,1
2026-03-08T13:19:31,0,0,0,0.0,0,0,0.0,0.0,0.0,0.0,0.0,0.0,0,0,0.0,0,0,0.0,1
2026-03-08T13:19:34,0,0,0,0.0,0,0,0.0,0.0,0.0,0.0,0.0,0.0,0,0,0.0,0,0,0.0,1
2026-03-08T13:19:37,0,0,0,0.0,0,0,0.0,0.0,0.0,0.0,0.0,0.0,0,0,0.0,0,0,0.0,1
2026-03-08T13:19:40,0,0,0,0.0,0,0,0.0,0.0,0.0,0.0,0.0,0.0,0,0,0.0,0,0,0.0,1
2026-03-08T13:19:43,0,0,0,0.0,0,0,0.0,0.0,0.0,0.0,0.0,0.0,0,0,0.0,0,0,0.0,1
2026-03-08T13:19:46,0,0,0,0.0,0,0,0.0,0.0,0.0,0.0,0.0,0.0,0,0,0.0,0,0,0.0,1
2026-03-08T13:19:49,0,0,0,0.0,0,0,0.0,0.0,0.0,0.0,0.0,0.0,0,0,0.0,0,0,0.0,1
2026-03-08T13:19:52,0,0,0,0.0,0,0,0.0,0.0,0.0,0.0,0.0,0.0,0,0,0.0,0,0,0.0,1
2026-03-08T13:19:55,0,0,0,0.0,0,0,0.0,0.0,0.0,0.0,0.0,0.0,0,0,0.0,0,0,0.0,1
2026-03-08T13:19:58,0,0,0,0.0,0,0,0.0,0.0,0.0,0.0,0.0,0.0,0,0,0.0,0,0,0.0,1
2026-03-08T13:20:01,0,0,0,0.0,0,0,0.0,0.0,0.0,0.0,0.0,0.0,0,0,0.0,0,0,0.0,1
2026-03-08T13:20:04,0,0,0,0.0,0,0,0.0,0.0,0.0,0.0,0.0,0.0,0,0,0.0,0,0,0.0,1
2026-03-08T13:20:07,0,0,0,0.0,0,0,0.0,0.0,0.0,0.0,0.0,0.0,0,0,0.0,0,0,0.0,1
2026-03-08T13:20:10,0,0,0,0.0,0,0,0.0,0.0,0.0,0.0,0.0,0.0,0,0,0.0,0,0,0.0,1
2026-03-08T13:20:13,0,0,0,0.0,0,0,0.0,0.0,0.0,0.0,0.0,0.0,0,0,0.0,0,0,0.0,1
2026-03-08T13:20:16,0,0,0,0.0,0,0,0.0,0.0,0.0,0.0,0.0,0.0,0,0,0.0,0,0,0.0,1
2026-03-08T13:20:19,0,0,0,0.0,0,0,0.0,0.0,0.0,0.0,0.0,0.0,0,0,0.0,0,0,0.0,1
2026-03-08T13:20:22,0,0,0,0.0,0,0,0.0,0.0,0.0,0.0,0.0,0.0,0,0,0.0,0,0,0.0,1
2026-03-08T13:20:25,0,0,0,0.0,0,0,0.0,0.0,0.0,0.0,0.0,0.0,0,0,0.0,0,0,0.0,1
2026-03-08T13:20:28,0,0,0,0.0,0,0,0.0,0.0,0.0,0.0,0.0,0.0,0,0,0.0,0,0,0.0,1
2026-03-08T13:20:31,0,0,0,0.0,0,0,0.0,0.0,0.0,0.0,0.0,0.0,0,0,0.0,0,0,0.0,1
2026-03-08T13:20:34,0,0,0,0.0,0,0,0.0,0.0,0.0,0.0,0.0,0.0,0,0,0.0,0,0,0.0,1
2026-03-08T13:20:37,0,0,0,0.0,0,0,0.0,0.0,0.0,0.0,0.0,0.0,0,0,0.0,0,0,0.0,1
2026-03-08T13:20:40,0,0,0,0.0,0,0,0.0,0.0,0.0,0.0,0.0,0.0,0,0,0.0,0,0,0.0,1
2026-03-08T13:20:43,0,0,0,0.0,0,0,0.0,0.0,0.0,0.0,0.0,0.0,0,0,0.0,0,0,0.0,1
2026-03-08T13:20:46,0,0,0,0.0,0,0,0.0,0.0,0.0,0.0,0.0,0.0,0,0,0.0,0,0,0.0,1
2026-03-08T13:20:49,0,0,0,0.0,0,0,0.0,0.0,0.0,0.0,0.0,0.0,0,0,0.0,0,0,0.0,1
2026-03-08T13:20:52,0,0,0,0.0,0,0,0.0,0.0,0.0,0.0,0.0,0.0,0,0,0.0,0,0,0.0,1
2026-03-08T13:20:55,0,0,0,0.0,0,0,0.0,0.0,0.0,0.0,0.0,0.0,0,0,0.0,0,0,0.0,1
2026-03-08T13:20:58,0,0,0,0.0,0,0,0.0,0.0,0.0,0.0,0.0,0.0,0,0,0.0,0,0,0.0,1
2026-03-08T13:21:01,0,0,0,0.0,0,0,0.0,0.0,0.0,0.0,0.0,0.0,0,0,0.0,0,0,0.0,1
2026-03-08T13:21:04,0,0,0,0.0,0,0,0.0,0.0,0.0,0.0,0.0,0.0,0,0,0.0,0,0,0.0,1
2026-03-08T13:21:07,0,0,0,0.0,0,0,0.0,0.0,0.0,0.0,0.0,0.0,0,0,0.0,0,0,0.0,1
2026-03-08T13:21:10,0,0,0,0.0,0,0,0.0,0.0,0.0,0.0,0.0,0.0,0,0,0.0,0,0,0.0,1
2026-03-08T13:21:13,0,0,0,0.0,0,0,0.0,0.0,0.0,0.0,0.0,0.0,0,0,0.0,0,0,0.0,1
2026-03-08T13:21:16,0,0,0,0.0,0,0,0.0,0.0,0.0,0.0,0.0,0.0,0,0,0.0,0,0,0.0,1
2026-03-08T13:21:19,0,0,0,0.0,0,0,0.0,0.0,0.0,0.0,0.0,0.0,0,0,0.0,0,0,0.0,1
2026-03-08T13:21:22,0,0,0,0.0,0,0,0.0,0.0,0.0,0.0,0.0,0.0,0,0,0.0,0,0,0.0,1
2026-03-08T13:21:25,0,0,0,0.0,0,0,0.0,0.0,0.0,0.0,0.0,0.0,0,0,0.0,0,0,0.0,1
2026-03-08T13:21:28,0,0,0,0.0,0,0,0.0,0.0,0.0,0.0,0.0,0.0,0,0,0.0,0,0,0.0,1
2026-03-08T13:21:31,0,0,0,0.0,0,0,0.0,0.0,0.0,0.0,0.0,0.0,0,0,0.0,0,0,0.0,1
2026-03-08T13:21:34,0,0,0,0.0,0,0,0.0,0.0,0.0,0.0,0.0,0.0,0,0,0.0,0,0,0.0,1
2026-03-08T13:21:37,0,0,0,0.0,0,0,0.0,0.0,0.0,0.0,0.0,0.0,0,0,0.0,0,0,0.0,1
2026-03-08T13:21:40,0,0,0,0.0,0,0,0.0,0.0,0.0,0.0,0.0,0.0,0,0,0.0,0,0,0.0,1
2026-03-08T13:21:43,0,0,0,0.0,0,0,0.0,0.0,0.0,0.0,0.0,0.0,0,0,0.0,0,0,0.0,1
2026-03-08T13:21:46,0,0,0,0.0,0,0,0.0,0.0,0.0,0.0,0.0,0.0,0,0,0.0,0,0,0.0,1
2026-03-08T13:21:49,0,0,0,0.0,0,0,0.0,0.0,0.0,0.0,0.0,0.0,0,0,0.0,0,0,0.0,1
2026-03-08T13:21:52,0,0,0,0.0,0,0,0.0,0.0,0.0,0.0,0.0,0.0,0,0,0.0,0,0,0.0,1
2026-03-08T13:21:55,0,0,0,0.0,0,0,0.0,0.0,0.0,0.0,0.0,0.0,0,0,0.0,0,0,0.0,1
2026-03-08T13:21:58,0,0,0,0.0,0,0,0.0,0.0,0.0,0.0,0.0,0.0,0,0,0.0,0,0,0.0,1
2026-03-08T13:22:01,0,0,0,0.0,0,0,0.0,0.0,0.0,0.0,0.0,0.0,0,0,0.0,0,0,0.0,1
2026-03-08T13:22:04,0,0,0,0.0,0,0,0.0,0.0,0.0,0.0,0.0,0.0,0,0,0.0,0,0,0.0,1
2026-03-08T13:22:07,0,0,0,0.0,0,0,0.0,0.0,0.0,0.0,0.0,0.0,0,0,0.0,0,0,0.0,1
2026-03-08T13:22:10,0,0,0,0.0,0,0,0.0,0.0,0.0,0.0,0.0,0.0,0,0,0.0,0,0,0.0,1
2026-03-08T13:22:13,0,0,0,0.0,0,0,0.0,0.0,0.0,0.0,0.0,0.0,0,0,0.0,0,0,0.0,1
2026-03-08T13:22:16,0,0,0,0.0,0,0,0.0,0.0,0.0,0.0,0.0,0.0,0,0,0.0,0,0,0.0,1
2026-03-08T13:22:19,0,0,0,0.0,0,0,0.0,0.0,0.0,0.0,0.0,0.0,0,0,0.0,0,0,0.0,1
2026-03-08T13:22:22,0,0,0,0.0,0,0,0.0,0.0,0.0,0.0,0.0,0.0,0,0,0.0,0,0,0.0,1
2026-03-08T13:22:25,0,0,0,0.0,0,0,0.0,0.0,0.0,0.0,0.0,0.0,0,0,0.0,0,0,0.0,1
2026-03-08T13:22:28,0,0,0,0.0,0,0,0.0,0.0,0.0,0.0,0.0,0.0,0,0,0.0,0,0,0.0,1
2026-03-08T13:22:31,0,0,0,0.0,0,0,0.0,0.0,0.0,0.0,0.0,0.0,0,0,0.0,0,0,0.0,1
2026-03-08T13:22:34,0,0,0,0.0,0,0,0.0,0.0,0.0,0.0,0.0,0.0,0,0,0.0,0,0,0.0,1
2026-03-08T13:22:37,0,0,0,0.0,0,0,0.0,0.0,0.0,0.0,0.0,0.0,0,0,0.0,0,0,0.0,1
2026-03-08T13:22:40,0,0,0,0.0,0,0,0.0,0.0,0.0,0.0,0.0,0.0,0,0,0.0,0,0,0.0,1
2026-03-08T13:22:43,0,0,0,0.0,0,0,0.0,0.0,0.0,0.0,0.0,0.0,0,0,0.0,0,0,0.0,1
2026-03-08T13:22:46,0,0,0,0.0,0,0,0.0,0.0,0.0,0.0,0.0,0.0,0,0,0.0,0,0,0.0,1
2026-03-08T13:22:49,0,0,0,0.0,0,0,0.0,0.0,0.0,0.0,0.0,0.0,0,0,0.0,0,0,0.0,1
2026-03-08T13:22:52,0,0,0,0.0,0,0,0.0,0.0,0.0,0.0,0.0,0.0,0,0,0.0,0,0,0.0,1
2026-03-08T13:22:55,0,0,0,0.0,0,0,0.0,0.0,0.0,0.0,0.0,0.0,0,0,0.0,0,0,0.0,1
2026-03-08T13:22:58,0,0,0,0.0,0,0,0.0,0.0,0.0,0.0,0.0,0.0,0,0,0.0,0,0,0.0,1
2026-03-08T13:23:01,0,0,0,0.0,0,0,0.0,0.0,0.0,0.0,0.0,0.0,0,0,0.0,0,0,0.0,1
2026-03-08T13:23:04,0,0,0,0.0,0,0,0.0,0.0,0.0,0.0,0.0,0.0,0,0,0.0,0,0,0.0,1
2026-03-08T13:23:07,0,0,0,0.0,0,0,0.0,0.0,0.0,0.0,0.0,0.0,0,0,0.0,0,0,0.0,1
2026-03-08T13:23:10,0,0,0,0.0,0,0,0.0,0.0,0.0,0.0,0.0,0.0,0,0,0.0,0,0,0.0,1
2026-03-08T13:23:13,0,0,0,0.0,0,0,0.0,0.0,0.0,0.0,0.0,0.0,0,0,0.0,0,0,0.0,1
2026-03-08T13:23:16,0,0,0,0.0,0,0,0.0,0.0,0.0,0.0,0.0,0.0,0,0,0.0,0,0,0.0,1
2026-03-08T13:23:19,0,0,0,0.0,0,0,0.0,0.0,0.0,0.0,0.0,0.0,0,0,0.0,0,0,0.0,1
2026-03-08T13:23:22,0,0,0,0.0,0,0,0.0,0.0,0.0,0.0,0.0,0.0,0,0,0.0,0,0,0.0,1
2026-03-08T13:23:25,0,0,0,0.0,0,0,0.0,0.0,0.0,0.0,0.0,0.0,0,0,0.0,0,0,0.0,1
2026-03-08T13:23:28,0,0,0,0.0,0,0,0.0,0.0,0.0,0.0,0.0,0.0,0,0,0.0,0,0,0.0,1
2026-03-08T13:23:31,0,0,0,0.0,0,0,0.0,0.0,0.0,0.0,0.0,0.0,0,0,0.0,0,0,0.0,1
2026-03-08T13:23:34,0,0,0,0.0,0,0,0.0,0.0,0.0,0.0,0.0,0.0,0,0,0.0,0,0,0.0,1
2026-03-08T13:23:37,0,0,0,0.0,0,0,0.0,0.0,0.0,0.0,0.0,0.0,0,0,0.0,0,0,0.0,1
2026-03-08T13:23:40,0,0,0,0.0,0,0,0.0,0.0,0.0,0.0,0.0,0.0,0,0,0.0,0,0,0.0,1
2026-03-08T13:23:43,0,0,0,0.0,0,0,0.0,0.0,0.0,0.0,0.0,0.0,0,0,0.0,0,0,0.0,1
2026-03-08T13:23:46,0,0,0,0.0,0,0,0.0,0.0,0.0,0.0,0.0,0.0,0,0,0.0,0,0,0.0,1
2026-03-08T13:23:49,0,0,0,0.0,0,0,0.0,0.0,0.0,0.0,0.0,0.0,0,0,0.0,0,0,0.0,1
2026-03-08T13:23:52,0,0,0,0.0,0,0,0.0,0.0,0.0,0.0,0.0,0.0,0,0,0.0,0,0,0.0,1
2026-03-08T13:23:55,0,0,0,0.0,0,0,0.0,0.0,0.0,0.0,0.0,0.0,0,0,0.0,0,0,0.0,1
2026-03-08T13:23:58,0,0,0,0.0,0,0,0.0,0.0,0.0,0.0,0.0,0.0,0,0,0.0,0,0,0.0,1
2026-03-19T17:18:41,0,0,0,0.0,0,0,0.0,0.0,0.0,0.0,0.0,0.0,0,0,0.0,0,0,0.0,0
2026-03-19T17:18:44,0,0,0,0.0,0,0,0.0,0.0,0.0,0.0,0.0,0.0,0,0,0.0,0,0,0.0,0
2026-03-19T17:18:47,0,0,0,0.0,0,0,0.0,0.0,0.0,0.0,0.0,0.0,0,0,0.0,0,0,0.0,0
2026-03-19T17:18:50,0,0,0,0.0,0,0,0.0,0.0,0.0,0.0,0.0,0.0,0,0,0.0,0,0,0.0,0
2026-03-19T17:18:53,0,0,0,0.0,0,0,0.0,0.0,0.0,0.0,0.0,0.0,0,0,0.0,0,0,0.0,0
2026-03-19T17:18:57,0,0,0,0.0,0,0,0.0,0.0,0.0,0.0,0.0,0.0,0,0,0.0,0,0,0.0,0
2026-03-19T17:19:00,0,0,0,0.0,0,0,0.0,0.0,0.0,0.0,0.0,0.0,0,0,0.0,0,0,0.0,0
2026-03-19T17:19:03,0,0,0,0.0,0,0,0.0,0.0,0.0,0.0,0.0,0.0,0,0,0.0,0,0,0.0,0
2026-03-19T17:19:06,0,0,0,0.0,0,0,0.0,0.0,0.0,0.0,0.0,0.0,0,0,0.0,0,0,0.0,0
2026-03-19T17:19:09,0,0,0,0.0,0,0,0.0,0.0,0.0,0.0,0.0,0.0,0,0,0.0,0,0,0.0,0
2026-03-19T17:19:30,0,0,0,0.0,0,0,0.0,0.0,0.0,0.0,0.0,0.0,0,0,0.0,0,0,0.0,0
2026-03-19T17:19:33,11530,11525,5,1920.8333,0,11525,3820.9939,3819.3369,1.657,0.0101,0.0101,1.058,2,2,0.9991,1153,0,1.0,0
2026-03-19T17:19:36,73860,73845,15,4615.3125,0,73845,23800.3692,23795.5356,4.8335,0.6951,0.6951,2.0475,6,6,0.8726,7386,0,0.6667,0
2026-03-19T17:19:36,10090,10085,5,1680.8333,0,10085,30808.2533,30792.9866,15.2667,1.4621,1.4621,2.5516,6,6,0.663,1009,0,0.1667,0
2026-03-19T17:30:02,0,0,0,0.0,0,0,0.0,0.0,0.0,0.0,0.0,0.0,0,0,0.0,0,0,0.0,0
2026-03-19T17:30:05,0,0,0,0.0,0,0,0.0,0.0,0.0,0.0,0.0,0.0,0,0,0.0,0,0,0.0,0
2026-03-19T17:30:08,0,0,0,0.0,0,0,0.0,0.0,0.0,0.0,0.0,0.0,0,0,0.0,0,0,0.0,0
2026-03-19T17:30:11,0,0,0,0.0,0,0,0.0,0.0,0.0,0.0,0.0,0.0,0,0,0.0,0,0,0.0,0
2026-03-19T17:30:14,0,0,0,0.0,0,0,0.0,0.0,0.0,0.0,0.0,0.0,0,0,0.0,0,0,0.0,0
2026-03-19T17:30:17,0,0,0,0.0,0,0,0.0,0.0,0.0,0.0,0.0,0.0,0,0,0.0,0,0,0.0,0
2026-03-19T17:30:20,0,0,0,0.0,0,0,0.0,0.0,0.0,0.0,0.0,0.0,0,0,0.0,0,0,0.0,0
2026-03-19T17:30:23,0,0,0,0.0,0,0,0.0,0.0,0.0,0.0,0.0,0.0,0,0,0.0,0,0,0.0,0
2026-03-19T17:30:26,0,0,0,0.0,0,0,0.0,0.0,0.0,0.0,0.0,0.0,0,0,0.0,0,0,0.0,0
2026-03-19T17:30:29,0,0,0,0.0,0,0,0.0,0.0,0.0,0.0,0.0,0.0,0,0,0.0,0,0,0.0,0
2026-03-19T17:30:32,0,0,0,0.0,0,0,0.0,0.0,0.0,0.0,0.0,0.0,0,0,0.0,0,0,0.0,0
2026-03-19T17:30:35,0,0,0,0.0,0,0,0.0,0.0,0.0,0.0,0.0,0.0,0,0,0.0,0,0,0.0,0
2026-03-19T17:30:38,0,0,0,0.0,0,0,0.0,0.0,0.0,0.0,0.0,0.0,0,0,0.0,0,0,0.0,0
2026-03-19T17:30:41,67030,67010,20,3190.9524,0,67010,20598.6908,20592.5447,6.1461,0.4625,0.4625,1.5617,6,6,0.9257,6703,0,1.0,0
2026-03-19T17:30:44,73410,73395,15,4587.1875,0,73388,24168.1448,24163.2065,4.9383,1.6116,1.6116,2.4597,8,8,0.6514,7341,0,0.25,0
2026-03-19T17:30:47,82760,82020,740,110.6883,0,82005,27189.0976,26945.9858,243.1118,2.4513,2.4513,2.9394,15,15,0.4315,8276,0,0.5333,0
2026-03-19T17:30:50,86870,84767,2103,40.2885,0,84762,28572.1334,27880.4424,691.691,3.0789,3.0789,3.4893,15,15,0.2949,8687,0,0.0,0
2026-03-19T17:30:54,83870,81143,2727,29.7445,0,81128,27617.4154,26719.446,897.9694,3.4278,3.4278,3.6503,15,15,0.222,8387,0,0.0,0
2026-03-19T17:30:57,83580,80736,2844,28.3782,0,80726,27368.5032,26437.2275,931.2757,3.6201,3.6201,3.6565,19,19,0.164,8358,0,0.2105,0
2026-03-19T17:31:00,78240,75654,2586,29.2439,0,75651,25675.0906,24826.4737,848.6169,3.6437,3.6437,3.5598,19,19,0.1361,7824,0,0.0526,0
2026-03-19T17:31:03,75820,73389,2431,30.1764,0,73367,24992.5402,24191.2099,801.3303,3.6267,3.6267,3.5151,21,21,0.1264,7582,0,0.1905,0
2026-03-19T17:31:06,79860,76956,2904,26.4909,0,76951,26144.9617,25194.2358,950.7259,3.5963,3.5963,3.4895,15,15,0.133,7986,0,0.0667,0
2026-03-19T17:31:09,79740,76822,2918,26.3179,0,76822,26197.1418,25238.4854,958.6564,3.5832,3.5832,3.4632,14,14,0.1329,7974,0,0.0,0
2026-03-19T17:31:12,75210,72731,2479,29.327,0,72731,24644.8686,23832.5481,812.3206,3.5728,3.5728,3.4519,14,14,0.1445,7521,0,0.0,0
2026-03-19T17:31:15,78580,76170,2410,31.5927,0,76170,25945.7163,25149.9772,795.7391,3.6164,3.6164,3.4438,14,14,0.1257,7858,0,0.0,0
2026-03-19T17:31:18,80370,77545,2825,27.4398,0,77545,26396.285,25468.4574,927.8276,3.6205,3.6205,3.4048,14,14,0.1339,8037,0,0.0,0
2026-03-19T17:31:21,73030,70414,2616,26.9064,0,70412,24048.46,23187.0227,861.4374,3.6405,3.6405,3.4215,15,15,0.1152,7303,0,0.0667,0
2026-03-19T17:31:24,69920,67644,2276,29.7075,0,67643,22870.6829,22126.2082,744.4747,3.6285,3.6285,3.3967,14,14,0.1174,6992,0,0.0,0
2026-03-19T17:31:28,65420,63255,2165,29.2036,0,63255,21573.3682,20859.4222,713.9459,3.64,3.64,3.4082,14,14,0.1124,6542,0,0.0,0
2026-03-19T17:31:31,58800,56722,2078,27.2833,0,56722,19316.9327,18634.2697,682.663,3.6246,3.6246,3.4304,14,14,0.1165,5880,0,0.0,0
2026-03-19T17:31:34,70200,67870,2330,29.1163,0,67870,23084.3623,22318.1719,766.1904,3.6249,3.6249,3.4339,14,14,0.1172,7020,0,0.0,0
2026-03-19T17:31:37,65240,62862,2378,26.4237,0,62858,21391.5087,20611.7875,779.7211,3.6056,3.6056,3.4483,14,14,0.1378,6524,0,0.0,0
2026-03-19T17:31:40,61110,59158,1952,30.2908,0,59158,19918.5983,19282.3505,636.2478,3.5964,3.5964,3.4347,15,15,0.1329,6111,0,0.0667,0
2026-03-19T17:31:43,70390,68110,2280,29.8597,0,68110,22727.2825,21991.1239,736.1586,3.6251,3.6251,3.4432,14,14,0.1199,7039,0,0.0,0
2026-03-19T17:31:46,64350,62254,2096,29.6872,0,62254,21141.8623,20453.2323,688.63,3.6253,3.6253,3.4123,14,14,0.1192,6435,0,0.0,0
2026-03-19T17:31:49,64340,62167,2173,28.5957,0,62167,21108.3949,20395.4862,712.9086,3.6029,3.6029,3.4383,14,14,0.1254,6434,0,0.0,0
2026-03-19T17:31:52,74090,71678,2412,29.7049,0,71678,24130.6332,23345.0604,785.5728,3.6233,3.6233,3.4256,15,15,0.1216,7409,0,0.0667,0
2026-03-19T17:31:55,60760,58900,1860,31.6497,0,58900,19888.3015,19279.4759,608.8256,3.6178,3.6178,3.434,15,15,0.1261,6076,0,0.0,0
2026-03-19T17:31:58,67000,64788,2212,29.2761,0,64787,22108.3756,21378.4692,729.9064,3.6137,3.6137,3.4198,15,15,0.1207,6700,0,0.0,0
2026-03-19T17:32:02,75570,73323,2247,32.617,0,73323,24759.1102,24022.9222,736.1879,3.6499,3.6499,3.4265,15,15,0.1293,7557,0,0.0,0
2026-03-19T17:32:05,73030,70504,2526,27.9003,0,70504,23916.8023,23089.5554,827.2469,3.6169,3.6169,3.434,14,14,0.1271,7303,0,0.0,0
2026-03-19T17:32:08,70250,67983,2267,29.9749,0,67982,23219.454,22470.1515,749.3025,3.6037,3.6037,3.4242,14,14,0.1328,7025,0,0.0,0
2026-03-19T17:32:11,66590,64424,2166,29.7296,0,64419,21905.1776,21192.659,712.5186,3.6304,3.6304,3.4511,16,16,0.1281,6659,0,0.125,0
2026-03-19T17:32:14,63560,61512,2048,30.0205,0,61511,20687.7647,20021.1734,666.5913,3.6022,3.6022,3.4437,14,14,0.1287,6356,0,0.0,0
2026-03-19T17:32:17,65380,63168,2212,28.5441,0,63168,20995.3268,20284.9924,710.3344,3.6293,3.6293,3.453,14,14,0.1231,6538,0,0.0,0
2026-03-19T17:32:20,68280,66047,2233,29.5645,0,66047,22256.2168,21528.3589,727.8578,3.6022,3.6022,3.443,15,15,0.1396,6828,0,0.0667,0
2026-03-19T17:32:23,65210,63055,2155,29.2463,0,63055,21253.3691,20551.0074,702.3618,3.6435,3.6435,3.4101,15,15,0.1314,6521,0,0.0,0
2026-03-19T17:32:26,67950,65692,2258,29.0801,0,65691,22290.4591,21549.7401,740.719,3.6276,3.6276,3.422,14,14,0.1336,6795,0,0.0,0
2026-03-19T17:32:29,67110,64696,2414,26.7892,0,64696,22184.3767,21386.387,797.9896,3.6146,3.6146,3.4198,14,14,0.1267,6711,0,0.0,0
2026-03-19T17:32:33,74600,72276,2324,31.0865,0,72276,24521.6232,23757.7056,763.9176,3.6062,3.6062,3.4284,14,14,0.1355,7460,0,0.0,0
2026-03-19T17:32:36,73340,70981,2359,30.0767,0,70981,24078.6321,23304.1367,774.4954,3.6031,3.6031,3.439,15,15,0.1249,7334,0,0.0667,0
2026-03-19T17:32:39,72190,69555,2635,26.3866,0,69554,23713.4933,22847.9294,865.5639,3.6207,3.6207,3.4466,14,14,0.118,7219,0,0.0,0
2026-03-19T17:32:42,76030,73404,2626,27.9421,0,73402,24792.6655,23936.3517,856.3138,3.5861,3.5861,3.4606,14,14,0.1271,7603,0,0.0,0
2026-03-19T17:32:45,66910,64749,2161,29.9487,0,64749,21943.28,21234.5754,708.7046,3.6088,3.6088,3.4622,14,14,0.129,6691,0,0.0,0
2026-03-19T17:32:48,74100,71628,2472,28.964,0,71628,24142.2474,23336.8542,805.3932,3.5753,3.5753,3.4739,14,14,0.1308,7410,0,0.0,0
2026-03-19T17:32:51,63890,61746,2144,28.786,0,61743,20600.853,19909.5362,691.3168,3.5845,3.5845,3.4763,14,14,0.1352,6389,0,0.0,0
2026-03-19T17:32:54,70230,67736,2494,27.1487,0,67736,22815.1908,22004.9802,810.2105,3.584,3.584,3.4515,14,14,0.1326,7023,0,0.0,0
2026-03-19T17:32:57,65300,63152,2148,29.3867,0,63152,21174.0319,20477.5263,696.5057,3.6009,3.6009,3.4373,16,16,0.1348,6530,0,0.125,0
2026-03-19T17:33:01,67840,65423,2417,27.0567,0,65419,22167.3599,21377.5823,789.7775,3.6193,3.6193,3.465,16,16,0.1278,6784,0,0.0,0
2026-03-19T17:33:04,74610,72040,2570,28.0202,0,72037,24677.3377,23827.3075,850.0303,3.5956,3.5956,3.4572,14,14,0.1272,7461,0,0.0,0
2026-03-19T17:33:07,71870,69546,2324,29.9123,0,69545,23687.3615,22921.4032,765.9584,3.5958,3.5958,3.4657,14,14,0.1283,7187,0,0.0,0
2026-03-19T17:33:10,63770,61941,1829,33.8475,0,61941,21385.4613,20772.1007,613.3607,3.5954,3.5954,3.4495,15,15,0.1339,6377,0,0.0667,0
2026-03-24T13:03:22,0,0,0,0.0,0,0,0.0,0.0,0.0,0.0,0.0,0.0,0,0,0.0,0,0,0.0,0
2026-03-24T13:03:25,0,0,0,0.0,0,0,0.0,0.0,0.0,0.0,0.0,0.0,0,0,0.0,0,0,0.0,0
2026-03-24T13:03:28,0,0,0,0.0,0,0,0.0,0.0,0.0,0.0,0.0,0.0,0,0,0.0,0,0,0.0,0
2026-03-24T13:03:31,0,0,0,0.0,0,0,0.0,0.0,0.0,0.0,0.0,0.0,0,0,0.0,0,0,0.0,0
2026-03-24T13:03:34,0,0,0,0.0,0,0,0.0,0.0,0.0,0.0,0.0,0.0,0,0,0.0,0,0,0.0,0
2026-03-24T13:03:37,0,0,0,0.0,0,0,0.0,0.0,0.0,0.0,0.0,0.0,0,0,0.0,0,0,0.0,0
2026-03-24T13:03:40,0,0,0,0.0,0,0,0.0,0.0,0.0,0.0,0.0,0.0,0,0,0.0,0,0,0.0,0
2026-03-24T13:03:43,0,0,0,0.0,0,0,0.0,0.0,0.0,0.0,0.0,0.0,0,0,0.0,0,0,0.0,0
2026-03-24T13:03:46,0,0,0,0.0,0,0,0.0,0.0,0.0,0.0,0.0,0.0,0,0,0.0,0,0,0.0,0
2026-03-24T13:03:49,0,0,0,0.0,0,0,0.0,0.0,0.0,0.0,0.0,0.0,0,0,0.0,0,0,0.0,0
2026-03-24T13:03:52,0,0,0,0.0,0,0,0.0,0.0,0.0,0.0,0.0,0.0,0,0,0.0,0,0,0.0,0
2026-03-24T13:03:55,0,0,0,0.0,0,0,0.0,0.0,0.0,0.0,0.0,0.0,0,0,0.0,0,0,0.0,0
2026-03-24T13:03:58,0,0,0,0.0,0,0,0.0,0.0,0.0,0.0,0.0,0.0,0,0,0.0,0,0,0.0,0
2026-03-24T13:04:01,0,0,0,0.0,0,0,0.0,0.0,0.0,0.0,0.0,0.0,0,0,0.0,0,0,0.0,0
2026-03-24T13:04:12,0,0,0,0.0,0,0,0.0,0.0,0.0,0.0,0.0,0.0,0,0,0.0,0,0,0.0,0
2026-03-24T13:04:15,0,0,0,0.0,0,0,0.0,0.0,0.0,0.0,0.0,0.0,0,0,0.0,0,0,0.0,0
2026-03-24T13:04:18,0,0,0,0.0,0,0,0.0,0.0,0.0,0.0,0.0,0.0,0,0,0.0,0,0,0.0,0
2026-03-24T13:04:21,0,0,0,0.0,0,0,0.0,0.0,0.0,0.0,0.0,0.0,0,0,0.0,0,0,0.0,0
2026-03-24T13:04:24,0,0,0,0.0,0,0,0.0,0.0,0.0,0.0,0.0,0.0,0,0,0.0,0,0,0.0,0
2026-03-24T13:04:27,0,0,0,0.0,0,0,0.0,0.0,0.0,0.0,0.0,0.0,0,0,0.0,0,0,0.0,0
2026-03-24T13:04:30,0,0,0,0.0,0,0,0.0,0.0,0.0,0.0,0.0,0.0,0,0,0.0,0,0,0.0,0
2026-03-24T13:04:33,0,0,0,0.0,0,0,0.0,0.0,0.0,0.0,0.0,0.0,0,0,0.0,0,0,0.0,0
2026-03-24T13:04:36,0,0,0,0.0,0,0,0.0,0.0,0.0,0.0,0.0,0.0,0,0,0.0,0,0,0.0,0
2026-03-24T13:04:39,0,0,0,0.0,0,0,0.0,0.0,0.0,0.0,0.0,0.0,0,0,0.0,0,0,0.0,0
